No,FECHA ,ALCALDÍA,GIRO,DENOMINACIÓN,DILIGENCIA
1,3/26/2020,CUAUHTEMOC,VENTA DE BEBIDAS ALCOHOLICAS EN ENVASE ABIERTO O AL COPEO,DRUNKENDOG,IMPLEMENTACIÓN DE MEDIDAS CAUTELARES CONSISTENTE EN SUSPENSIÓN DE ACTIVIDADES
2,3/27/2020,CUAUHTEMOC,VENTA DE BEBIDAS ALCOHOLICAS EN ENVASE ABIERTO O AL COPEO,R18,IMPLEMENTACIÓN DE MEDIDAS CAUTELARES CONSISTENTE EN SUSPENSIÓN DE ACTIVIDADES
3,4/1/2020,CUAUHTEMOC,VENTA DE BEBIDAS ALCOHOLICAS EN ENVASE ABIERTO O AL COPEO,LA BURRA BLANCA,IMPLEMENTACIÓN DE MEDIDAS CAUTELARES CONSISTENTE EN SUSPENSIÓN DE ACTIVIDADES
4,4/6/2020,CUAUHTEMOC,VENTA DE COSMETICOS,RENOVA PRICE,IMPLEMENTACIÓN DE MEDIDAS CAUTELARES CONSISTENTE EN SUSPENSIÓN DE ACTIVIDADES
5,4/6/2020,CUAUHTEMOC,VENTA DE APARATOS ELECTRÓNICOS,SHOCK ELECTRONICS,IMPLEMENTACIÓN DE MEDIDAS CAUTELARES CONSISTENTE EN SUSPENSIÓN DE ACTIVIDADES
6,4/7/2020,CUAUHTEMOC,VENTA DE BICICLETAS,BENOTTO,IMPLEMENTACIÓN DE MEDIDAS CAUTELARES CONSISTENTE EN SUSPENSIÓN DE ACTIVIDADES
7,4/7/2020,CUAUHTEMOC,VENTA DE BICICLETAS,BENOTTO,IMPLEMENTACIÓN DE MEDIDAS CAUTELARES CONSISTENTE EN SUSPENSIÓN DE ACTIVIDADES
8,4/8/2020,BENITO JUAREZ,VENTA DE PISOS LAMINADOS,LLANO DE LA TORRE,IMPLEMENTACIÓN DE MEDIDAS CAUTELARES CONSISTENTE EN SUSPENSIÓN DE ACTIVIDADES
9,4/9/2020,CUAUHTEMOC,VENTA DE ARTÍCULOS ELECTRÓNICOS,LA CASA DEL PROYECTOR,IMPLEMENTACIÓN DE MEDIDAS CAUTELARES CONSISTENTE EN SUSPENSIÓN DE ACTIVIDADES
10,4/14/2020,CUAUHTEMOC,REFACCIONES,FERRELLIR,IMPLEMENTACIÓN DE MEDIDAS CAUTELARES CONSISTENTE EN SUSPENSIÓN DE ACTIVIDADES
11,4/14/2020,CUAUHTEMOC,VENTA DE ARTÍCULOS DE ILUMINACIÓN Y ELECTRÓNICA,SIN DENOMINACIÓN,IMPLEMENTACIÓN DE MEDIDAS CAUTELARES CONSISTENTE EN SUSPENSIÓN DE ACTIVIDADES
12,4/15/2020,CUAUHTEMOC,VENTA DE TELAS,TEXTILERIA AUTENTICA DEL CENTRO,IMPLEMENTACIÓN DE MEDIDAS CAUTELARES CONSISTENTE EN SUSPENSIÓN DE ACTIVIDADES
13,4/16/2020,CUAUHTEMOC,ESTACIONAMIENTO PUBLICO,SIN DENOMINACIÓN,IMPLEMENTACIÓN DE MEDIDAS CAUTELARES CONSISTENTE EN SUSPENSIÓN DE ACTIVIDADES
14,4/16/2020,CUAUHTEMOC,VENTA DE BISUTERÍA,SIN DENOMINACIÓN,IMPLEMENTACIÓN DE MEDIDAS CAUTELARES CONSISTENTE EN SUSPENSIÓN DE ACTIVIDADES
15,4/16/2020,CUAUHTEMOC,VENTA DE BISUTERÍA,SIN DENOMINACIÓN,IMPLEMENTACIÓN DE MEDIDAS CAUTELARES CONSISTENTE EN SUSPENSIÓN DE ACTIVIDADES
16,4/16/2020,CUAUHTEMOC,VENTA DE BISUTERÍA,SIN DENOMINACIÓN,IMPLEMENTACIÓN DE MEDIDAS CAUTELARES CONSISTENTE EN SUSPENSIÓN DE ACTIVIDADES
17,4/17/2020,CUAUHTEMOC,VENTA DE PAPEL Y CARTÓN,PAPELES PRESAS,IMPLEMENTACIÓN DE MEDIDAS CAUTELARES CONSISTENTE EN SUSPENSIÓN DE ACTIVIDADES
18,4/17/2020,CUAUHTEMOC,DISTRIBUIDORA PAPELERA,PAPELERIA LOZANO,IMPLEMENTACIÓN DE MEDIDAS CAUTELARES CONSISTENTE EN SUSPENSIÓN DE ACTIVIDADES
19,4/17/2020,CUAUHTEMOC,VENTA DE ROPA,SIN DENOMINACIÓN,IMPLEMENTACIÓN DE MEDIDAS CAUTELARES CONSISTENTE EN SUSPENSIÓN DE ACTIVIDADES
20,4/17/2020,CUAUHTEMOC,INSUMOS ELECTRICOS,ELECTROILUMINACION,IMPLEMENTACIÓN DE MEDIDAS CAUTELARES CONSISTENTE EN SUSPENSIÓN DE ACTIVIDADES
21,4/17/2020,CUAUHTEMOC,VENTA DE MUEBLES,SIN DENOMINACIÓN,IMPLEMENTACIÓN DE MEDIDAS CAUTELARES CONSISTENTE EN SUSPENSIÓN DE ACTIVIDADES
22,4/20/2020,XOCHIMILCO,VENTA DE TELAS,TELAS PARISINA,IMPLEMENTACIÓN DE MEDIDAS CAUTELARES CONSISTENTE EN SUSPENSIÓN DE ACTIVIDADES
23,4/20/2020,CUAUHTEMOC,COSMÉTICOS,DAHT,IMPLEMENTACIÓN DE MEDIDAS CAUTELARES CONSISTENTE EN SUSPENSIÓN DE ACTIVIDADES
24,4/20/2020,CUAUHTEMOC,VENTA DE COSMETICOS,CUAUHTÉMOC,IMPLEMENTACIÓN DE MEDIDAS CAUTELARES CONSISTENTE EN SUSPENSIÓN DE ACTIVIDADES
25,4/20/2020,CUAUHTEMOC,VENTA DE COSMETICOS,CORPORACIÓN AZTECA,IMPLEMENTACIÓN DE MEDIDAS CAUTELARES CONSISTENTE EN SUSPENSIÓN DE ACTIVIDADES
26,4/21/2020,CUAUHTEMOC,VENTA DE ARTESANÍAS,ARTESANÍAS ETIAM,IMPLEMENTACIÓN DE MEDIDAS CAUTELARES CONSISTENTE EN SUSPENSIÓN DE ACTIVIDADES
27,4/22/2020,CUAUHTEMOC,CAJAS FUERTES,STRONGER CAJAS FUERTES Y OFICINAS,IMPLEMENTACIÓN DE MEDIDAS CAUTELARES CONSISTENTE EN SUSPENSIÓN DE ACTIVIDADES
28,4/22/2020,CUAUHTEMOC,PAPELERÍA,NOVEL HERMANOS,IMPLEMENTACIÓN DE MEDIDAS CAUTELARES CONSISTENTE EN SUSPENSIÓN DE ACTIVIDADES
29,4/22/2020,CUAUHTEMOC,VENTA DE MATERIALES ELÉCTRICOS,PROVEEDORES DE MATERIALES ELÉCTRICOS,IMPLEMENTACIÓN DE MEDIDAS CAUTELARES CONSISTENTE EN SUSPENSIÓN DE ACTIVIDADES
30,4/22/2020,CUAUHTEMOC,VENTA DE MATERIALES ELÉCTRICOS,MATERIALES ELÉCTRICOS MOYA,IMPLEMENTACIÓN DE MEDIDAS CAUTELARES CONSISTENTE EN SUSPENSIÓN DE ACTIVIDADES
31,4/22/2020,CUAUHTEMOC,TELAS,LA GÜERITA,IMPLEMENTACIÓN DE MEDIDAS CAUTELARES CONSISTENTE EN SUSPENSIÓN DE ACTIVIDADES
32,4/23/2020,IZTAPALAPA,VENTA DE TELAS,MODATELAS S.A DE C.V.,IMPLEMENTACIÓN DE MEDIDAS CAUTELARES CONSISTENTE EN SUSPENSIÓN DE ACTIVIDADES
33,4/23/2020,CUAUHTEMOC,"VENTA DE BOLSAS, MOCHILAS Y MAQUILLAJE",SIN DENOMINACIÓN,IMPLEMENTACIÓN DE MEDIDAS CAUTELARES CONSISTENTE EN SUSPENSIÓN DE ACTIVIDADES
34,4/23/2020,CUAUHTEMOC,VENTA DE ROPA,SIN DENOMINACIÓN,IMPLEMENTACIÓN DE MEDIDAS CAUTELARES CONSISTENTE EN SUSPENSIÓN DE ACTIVIDADES
35,4/23/2020,IZTAPALAPA,VENTA DE TELAS,MODATELAS,IMPLEMENTACIÓN DE MEDIDAS CAUTELARES CONSISTENTE EN SUSPENSIÓN DE ACTIVIDADES
36,4/24/2020,LA MAGDALENA CONTRERAS,SALONES DE BELLEZA Y PELUQUERIAS,LOVE,IMPLEMENTACIÓN DE MEDIDAS CAUTELARES CONSISTENTE EN SUSPENSIÓN DE ACTIVIDADES
37,4/24/2020,CUAUHTEMOC,VENTA DE BISUTERIA,SIN DENOMINACIÓN,IMPLEMENTACIÓN DE MEDIDAS CAUTELARES CONSISTENTE EN SUSPENSIÓN DE ACTIVIDADES
38,4/24/2020,CUAUHTEMOC,VENTA DE BISUTERIA,SIN DENOMINACIÓN,IMPLEMENTACIÓN DE MEDIDAS CAUTELARES CONSISTENTE EN SUSPENSIÓN DE ACTIVIDADES
39,4/24/2020,CUAUHTEMOC,VENTA DE BISUTERIA,SIN DENOMINACIÓN,IMPLEMENTACIÓN DE MEDIDAS CAUTELARES CONSISTENTE EN SUSPENSIÓN DE ACTIVIDADES
40,4/24/2020,BENITO JUAREZ,VENTA DE COLCHONES,DORMIMUNDO,IMPLEMENTACIÓN DE MEDIDAS CAUTELARES CONSISTENTE EN SUSPENSIÓN DE ACTIVIDADES
41,4/24/2020,LA MAGDALENA CONTRERAS,SASTRERIA,CORNEJO,IMPLEMENTACIÓN DE MEDIDAS CAUTELARES CONSISTENTE EN SUSPENSIÓN DE ACTIVIDADES
42,4/24/2020,CUAUHTEMOC,VENTA Y MANUFACTURA DE DECORACIONES,EL TALLERCITO,IMPLEMENTACIÓN DE MEDIDAS CAUTELARES CONSISTENTE EN SUSPENSIÓN DE ACTIVIDADES
43,4/24/2021,CUAUHTEMOC,VENTA DE INSUMOS PARA TELECOMUNICACIONES E ILUMINACIÓN,EQUIPO DE CONTROL Y SOPORTERÍA,IMPLEMENTACION MEDIDAS CAUTELARES CONSISTENTE SUSPENSIÓN DE ACTIVIDADES
44,4/24/2020,CUAUHTEMOC,VENTA DE MANUALIDADES,CASA MARNI,IMPLEMENTACIÓN DE MEDIDAS CAUTELARES CONSISTENTE EN SUSPENSIÓN DE ACTIVIDADES
45,4/27/2020,TLALPAN,VENTA DE CLOSETS Y COCINAS,EL BORDO,IMPLEMENTACIÓN DE MEDIDAS CAUTELARES CONSISTENTE EN SUSPENSIÓN DE ACTIVIDADES
46,4/27/2020,TLALPAN,VIDRIOS Y ALUMINIO,SIN DENOMINACIÓN,IMPLEMENTACIÓN DE MEDIDAS CAUTELARES CONSISTENTE EN SUSPENSIÓN DE ACTIVIDADES
47,4/27/2020,AZCAPOTZALCO,BODEGA Y OFICINA,CT INTERNACIONAL DEL NOROESTE SA DE CV,IMPLEMENTACIÓN DE MEDIDAS CAUTELARES CONSISTENTE EN SUSPENSIÓN DE ACTIVIDADES
48,4/28/2020,VENUSTIANO CARRANZA,BIENES RAICES,TECNOCASA GROUP,IMPLEMENTACIÓN DE MEDIDAS CAUTELARES CONSISTENTE EN SUSPENSIÓN DE ACTIVIDADES
49,4/28/2020,BENITO JUAREZ,VENTA DE PAPELERIA Y ARTICULOS DE OFICINA,OFFICE DEPOT,IMPLEMENTACIÓN DE MEDIDAS CAUTELARES CONSISTENTE EN SUSPENSIÓN DE ACTIVIDADES
50,4/28/2020,VENUSTIANO CARRANZA,VENTA DE LLANTAS,PROVEEDORA INDUSTRIAL MÉXICO,IMPLEMENTACIÓN DE MEDIDAS CAUTELARES CONSISTENTE EN SUSPENSIÓN DE ACTIVIDADES
51,4/28/2020,BENITO JUAREZ,VENTA DE PAPELERIA Y ARTICULOS DE OFICINA,OFFICE MAX,IMPLEMENTACIÓN DE MEDIDAS CAUTELARES CONSISTENTE EN SUSPENSIÓN DE ACTIVIDADES
52,4/29/2020,CUAUHTEMOC,PAPELERÍA,PAPELERIA RUVIC,IMPLEMENTACIÓN DE MEDIDAS CAUTELARES CONSISTENTE EN SUSPENSIÓN DE ACTIVIDADES
53,4/29/2020,CUAUHTEMOC,PAPELERÍA,FANTASIAS EN FOMI,IMPLEMENTACIÓN DE MEDIDAS CAUTELARES CONSISTENTE EN SUSPENSIÓN DE ACTIVIDADES
54,4/29/2020,CUAUHTEMOC,VENTA DE ROPA,SIN DENOMINACIÓN,IMPLEMENTACIÓN DE MEDIDAS CAUTELARES CONSISTENTE EN SUSPENSIÓN DE ACTIVIDADES
55,4/29/2020,CUAUHTEMOC,VENTA DE ARTICULOS DE ACCESORIOS TELEFONICOS,MOBO,IMPLEMENTACIÓN DE MEDIDAS CAUTELARES CONSISTENTE EN SUSPENSIÓN DE ACTIVIDADES
56,4/30/2020,CUAUHTEMOC,"PAPELERÍA, VENTA DE PRODUCTOS MANUFACTURADOS Y CAFETERIA",OFFICE MAX,IMPLEMENTACIÓN DE MEDIDAS CAUTELARES CONSISTENTE EN SUSPENSIÓN DE ACTIVIDADES
57,4/30/2020,COYOACAN,MUEBLERIA,MUEBLES GRUPO ROSEND,IMPLEMENTACIÓN DE MEDIDAS CAUTELARES CONSISTENTE EN SUSPENSIÓN DE ACTIVIDADES
58,4/30/2020,COYOACAN,PAPELERIA Y ARTICULOS MANUFACTURADOS,OFFICE DEPOT,IMPLEMENTACIÓN DE MEDIDAS CAUTELARES CONSISTENTE EN SUSPENSIÓN DE ACTIVIDADES
59,4/30/2020,TLALPAN,VENTA DE TELAS,MODATELAS,IMPLEMENTACIÓN DE MEDIDAS CAUTELARES CONSISTENTE EN SUSPENSIÓN DE ACTIVIDADES
60,5/4/2020,IZTAPALAPA,VENTA DE COMPONENTES ELECTRONICOS,STEREN,IMPLEMENTACIÓN DE MEDIDAS CAUTELARES CONSISTENTE EN SUSPENSIÓN DE ACTIVIDADES
61,5/4/2020,IZTAPALAPA,VENTA DE PINTURA AUTOMOTRIZ,PINTURAS MEDINA,IMPLEMENTACIÓN DE MEDIDAS CAUTELARES CONSISTENTE EN SUSPENSIÓN DE ACTIVIDADES
62,5/4/2020,BENITO JUAREZ,OFICINAS,SIN DENOMINACIÓN,IMPLEMENTACIÓN DE MEDIDAS CAUTELARES CONSISTENTE EN SUSPENSIÓN DE ACTIVIDADES
63,5/5/2020,LA MAGDALENA CONTRERAS,PAPELERÍA,OFFICE DEPOT,IMPLEMENTACIÓN DE MEDIDAS CAUTELARES CONSISTENTE EN SUSPENSIÓN DE ACTIVIDADES
64,5/5/2020,LA MAGDALENA CONTRERAS,"PAPELERÍA, VENTA DE PRODUCTOS MANUFACTURADOS",CKNOSKELL,IMPLEMENTACIÓN DE MEDIDAS CAUTELARES CONSISTENTE EN SUSPENSIÓN DE ACTIVIDADES
65,5/5/2020,MIGUEL HIDALGO,VENTA DE TELAS,MODATELAS,IMPLEMENTACIÓN DE MEDIDAS CAUTELARES CONSISTENTE EN SUSPENSIÓN DE ACTIVIDADES
66,5/5/2020,MIGUEL HIDALGO,VENTA DE ARTICULOS DE COCINA,ANFORAMA,IMPLEMENTACIÓN DE MEDIDAS CAUTELARES CONSISTENTE EN SUSPENSIÓN DE ACTIVIDADES
67,5/5/2020,MIGUEL HIDALGO,VENTA DE TELAS,ANGELITA,IMPLEMENTACIÓN DE MEDIDAS CAUTELARES CONSISTENTE EN SUSPENSIÓN DE ACTIVIDADES
68,5/6/2020,MIGUEL HIDALGO,VENTA DE COMPONENTES ELECTRONICOS,STEREN,IMPLEMENTACIÓN DE MEDIDAS CAUTELARES CONSISTENTE EN SUSPENSIÓN DE ACTIVIDADES
69,5/7/2020,IZTAPALAPA,TIENDA DE ARTICULOS DEPORTIVOS,SAN PABLO HEALTHY,IMPLEMENTACIÓN DE MEDIDAS CAUTELARES CONSISTENTE EN SUSPENSIÓN DE ACTIVIDADES
70,5/7/2020,IZTAPALAPA,TIENDA DE INSTRUMENTOS MUSICALES,HARD MUSIC,IMPLEMENTACIÓN DE MEDIDAS CAUTELARES CONSISTENTE EN SUSPENSIÓN DE ACTIVIDADES
71,5/7/2020,IZTAPALAPA,TIENDA DE COLCHONES,COLCHON CENTER,IMPLEMENTACIÓN DE MEDIDAS CAUTELARES CONSISTENTE EN SUSPENSIÓN DE ACTIVIDADES
72,5/7/2020,XOCHIMILCO,TIENDA DE MUEBLES PARA BAÑO,MUEBLES PARA BAÑO SA DE CV,IMPLEMENTACIÓN DE MEDIDAS CAUTELARES CONSISTENTE EN SUSPENSIÓN DE ACTIVIDADES
73,5/8/2020,IZTACALCO,"ARMADORADE BICICLETAS, OFICINAS Y BODEGA",BENOTTO,IMPLEMENTACIÓN DE MEDIDAS CAUTELARES CONSISTENTE EN SUSPENSIÓN DE ACTIVIDADES
74,5/8/2020,IZTACALCO,VENTA DE ARTICULOS MANUFACTURADOS,GURZA,IMPLEMENTACIÓN DE MEDIDAS CAUTELARES CONSISTENTE EN SUSPENSIÓN DE ACTIVIDADES
75,5/9/2020,TLALPAN,VENTA DE ARTÍCULOS DE ELECTRÓNICA,STEREN,IMPLEMENTACIÓN DE MEDIDAS CAUTELARES CONSISTENTE EN SUSPENSIÓN DE ACTIVIDADES
76,5/11/2020,COYOACAN,VENTA DE COLCHONES,DORMIMUNDO,IMPLEMENTACIÓN DE MEDIDAS CAUTELARES CONSISTENTE EN SUSPENSIÓN DE ACTIVIDADES
77,5/11/2020,COYOACAN,VENTA DE PINTURAS,COMEX,IMPLEMENTACIÓN DE MEDIDAS CAUTELARES CONSISTENTE EN SUSPENSIÓN DE ACTIVIDADES
78,5/11/2020,COYOACAN,VENTA DE PAPELERIA Y ARTICULOS DE OFICINA,OFFICE DEPOT,IMPLEMENTACIÓN DE MEDIDAS CAUTELARES CONSISTENTE EN SUSPENSIÓN DE ACTIVIDADES
79,5/12/2020,CUAUHTEMOC,VENTA DE ROPA INTERIOR,2 CLOVEK,IMPLEMENTACIÓN DE MEDIDAS CAUTELARES CONSISTENTE EN SUSPENSIÓN DE ACTIVIDADES
80,5/12/2020,GUSTAVO A. MADERO,"VENTA DE MUEBLES PARA BAÑO, AZULEJOS Y ACCESORIOS",LLANO DE LA TORRE,IMPLEMENTACIÓN DE MEDIDAS CAUTELARES CONSISTENTE EN SUSPENSIÓN DE ACTIVIDADES
81,5/12/2020,GUSTAVO A. MADERO,"VENTA DE MUEBLES PARA BAÑO, AZULEJOS Y ACCESORIOS",INTERCERAMIC,IMPLEMENTACIÓN DE MEDIDAS CAUTELARES CONSISTENTE EN SUSPENSIÓN DE ACTIVIDADES
82,5/12/2020,GUSTAVO A. MADERO,VENTA DE ARTÍCULOS MANUFACTURADOS,ANFORAMA,IMPLEMENTACIÓN DE MEDIDAS CAUTELARES CONSISTENTE EN SUSPENSIÓN DE ACTIVIDADES
83,5/13/2020,MIGUEL HIDALGO,VENTA DE PAPELERIA Y ARTICULOS DE OFICINA,OFFICE MAX,IMPLEMENTACIÓN DE MEDIDAS CAUTELARES CONSISTENTE EN SUSPENSIÓN DE ACTIVIDADES
84,5/13/2020,MIGUEL HIDALGO,VENTA DE PAPELERIA Y ARTICULOS DE OFICINA,OFFICE DEPOT,IMPLEMENTACIÓN DE MEDIDAS CAUTELARES CONSISTENTE EN SUSPENSIÓN DE ACTIVIDADES
85,5/13/2020,MIGUEL HIDALGO,DISTRIBUIDOR DE MATERIALES Y ACABADOS DECORATIVOS,GURZA,IMPLEMENTACIÓN DE MEDIDAS CAUTELARES CONSISTENTE EN SUSPENSIÓN DE ACTIVIDADES
86,5/14/2020,CUAUHTEMOC,OFICINAS,CCS CALL CENTER SERVICES,IMPLEMENTACIÓN DE MEDIDAS CAUTELARES CONSISTENTE EN SUSPENSIÓN DE ACTIVIDADES
87,5/15/2020,CUAJIMALPA DE MORELOS,VENTA DE PRODUCTOS MANUFACTURADOS,ANFORAMA,IMPLEMENTACIÓN DE MEDIDAS CAUTELARES CONSISTENTE EN SUSPENSIÓN DE ACTIVIDADES
88,5/15/2020,CUAJIMALPA DE MORELOS,VENTA DE MATERIALES DE CONSTRUCCION,PLAFORAMA,IMPLEMENTACIÓN DE MEDIDAS CAUTELARES CONSISTENTE EN SUSPENSIÓN DE ACTIVIDADES
89,5/18/2020,AZCAPOTZALCO,VENTA DE AZULEJOS,AZULEJERA MENDOZA,IMPLEMENTACIÓN DE MEDIDAS CAUTELARES CONSISTENTE EN SUSPENSIÓN DE ACTIVIDADES
90,5/18/2020,AZCAPOTZALCO,VIDRIERIA,VACSS,IMPLEMENTACIÓN DE MEDIDAS CAUTELARES CONSISTENTE EN SUSPENSIÓN DE ACTIVIDADES
91,5/19/2020,CUAUHTEMOC,"PAPELERIA, LIBRERÍA Y JUGUETERIA",EL BUEN ESTUDIANTE,IMPLEMENTACIÓN DE MEDIDAS CAUTELARES CONSISTENTE EN SUSPENSIÓN DE ACTIVIDADES
92,5/19/2020,CUAUHTEMOC,VENTA DE MUEBLES,SIN DENOMINACIÓN,IMPLEMENTACIÓN DE MEDIDAS CAUTELARES CONSISTENTE EN SUSPENSIÓN DE ACTIVIDADES
93,5/19/2020,MIGUEL HIDALGO,VENTA DE PINTURAS,PINTURAS BEREL,IMPLEMENTACIÓN DE MEDIDAS CAUTELARES CONSISTENTE EN SUSPENSIÓN DE ACTIVIDADES
94,5/20/2020,ALVARO OBREGON,PAPELERIA,LUMEN,IMPLEMENTACIÓN DE MEDIDAS CAUTELARES CONSISTENTE EN SUSPENSIÓN DE ACTIVIDADES
95,5/20/2020,ALVARO OBREGON,VENTA DE PINTURAS,PINTURAS BEREL,IMPLEMENTACIÓN DE MEDIDAS CAUTELARES CONSISTENTE EN SUSPENSIÓN DE ACTIVIDADES
96,5/20/2020,ALVARO OBREGON,VENTA DE PINTURAS,SAYER,IMPLEMENTACIÓN DE MEDIDAS CAUTELARES CONSISTENTE EN SUSPENSIÓN DE ACTIVIDADES
97,5/21/2020,BENITO JUAREZ,VENTA DE COLCHONES,COLCHONES ATLAS,IMPLEMENTACIÓN DE MEDIDAS CAUTELARES CONSISTENTE EN SUSPENSIÓN DE ACTIVIDADES
98,5/21/2020,ALVARO OBREGON,BILLAR,BILLAR SAN ANGEL,IMPLEMENTACIÓN DE MEDIDAS CAUTELARES CONSISTENTE EN SUSPENSIÓN DE ACTIVIDADES
99,5/21/2020,ALVARO OBREGON,VENTA DE TELAS,CASA BAYON,IMPLEMENTACIÓN DE MEDIDAS CAUTELARES CONSISTENTE EN SUSPENSIÓN DE ACTIVIDADES
100,5/22/2020,TLALPAN,VENTA DE MATERIALES PARA CORTINAS Y TAPICERIA,DECORACIONES DIASER,IMPLEMENTACION MEDIDAS CAUTELARES CONSISTENTE SUSPENSIÓN DE ACTIVIDADES
101,5/22/2020,TLALPAN,IMPRESIÓN DE LONAS,SIN DENOMINACIÓN,IMPLEMENTACION MEDIDAS CAUTELARES CONSISTENTE SUSPENSIÓN DE ACTIVIDADES
102,5/22/2020,IZTAPALAPA,VENTA DE PINTURAS,SAYER,IMPLEMENTACION MEDIDAS CAUTELARES CONSISTENTE SUSPENSIÓN DE ACTIVIDADES
103,5/22/2020,IZTAPALAPA,IMPRESIÓN DE LONAS Y PUBLICIDAD,SIN DENOMINACIÓN,IMPLEMENTACION MEDIDAS CAUTELARES CONSISTENTE SUSPENSIÓN DE ACTIVIDADES
104,5/22/2020,VENUSTIANO CARRANZA,VENTA DE PINTURAS,PINTURAS BEREL,IMPLEMENTACION MEDIDAS CAUTELARES CONSISTENTE SUSPENSIÓN DE ACTIVIDADES
105,5/22/2020,IZTACALCO,VENTA DE PISOS,EL COMPETIDOR,IMPLEMENTACION MEDIDAS CAUTELARES CONSISTENTE SUSPENSIÓN DE ACTIVIDADES
106,5/23/2020,IZTAPALAPA,CENTRO DE MASAJES Y ESTETICA,SIN DENOMINACIÓN,IMPLEMENTACION MEDIDAS CAUTELARES CONSISTENTE SUSPENSIÓN DE ACTIVIDADES
107,5/25/2020,CUAUHTEMOC,VENTA DE MARCOS Y MOLDURAS,COAHUILA,IMPLEMENTACION MEDIDAS CAUTELARES CONSISTENTE SUSPENSIÓN DE ACTIVIDADES
108,5/26/2020,BENITO JUAREZ,"VENTA DE MUEBLES PARA BAÑO, PISOS Y RECUBRIMIENTOS",CASTEL,IMPLEMENTACION MEDIDAS CAUTELARES CONSISTENTE SUSPENSIÓN DE ACTIVIDADES
109,5/26/2020,BENITO JUAREZ,VENTA DE PISOS Y MUEBLES PARA BAÑO,INTERCERAMIC,IMPLEMENTACION MEDIDAS CAUTELARES CONSISTENTE SUSPENSIÓN DE ACTIVIDADES
110,5/26/2020,IZTAPALAPA,VENTA DE ARTICULOS PARA EL HOGAR,ANFORAMA,IMPLEMENTACION MEDIDAS CAUTELARES CONSISTENTE SUSPENSIÓN DE ACTIVIDADES
111,5/26/2020,COYOACAN,VENTA DE PANELES PARA CONSTRUCCION,SIN DENOMINACION,IMPLEMENTACION MEDIDAS CAUTELARES CONSISTENTE SUSPENSIÓN DE ACTIVIDADES
112,5/26/2020,TLALPAN,VENTA DE PISOS Y MUEBLES PARA BAÑO,DISTRIBUCION INTERCERAMIC,IMPLEMENTACION MEDIDAS CAUTELARES CONSISTENTE SUSPENSIÓN DE ACTIVIDADES
113,5/27/2020,CUAUHTEMOC,REPARACIÓN DE ELECTRODOMÉSTICOS,SERVICIO HERNANDEZ,IMPLEMENTACION MEDIDAS CAUTELARES CONSISTENTE SUSPENSIÓN DE ACTIVIDADES
114,5/27/2020,CUAUHTEMOC,VENTA DE MATERIAL ELÉCTRICO,MINI ILUMINACIÓN,IMPLEMENTACION MEDIDAS CAUTELARES CONSISTENTE SUSPENSIÓN DE ACTIVIDADES
115,5/27/2020,BENITO JUAREZ,VENTA DE MUEBLES DE BAÑO Y AZULEJOS,COMERCIAL AZULEJERA,IMPLEMENTACION MEDIDAS CAUTELARES CONSISTENTE SUSPENSIÓN DE ACTIVIDADES
116,5/28/2020,AZCAPOTZALCO,VENTA DE ARTICULOS DE PAPELERIA,OFFICE DEPOT,IMPLEMENTACION MEDIDAS CAUTELARES CONSISTENTE SUSPENSIÓN DE ACTIVIDADES
117,5/28/2020,CUAUHTEMOC,CALL CENTER,CONTACTECH,IMPLEMENTACION MEDIDAS CAUTELARES CONSISTENTE SUSPENSIÓN DE ACTIVIDADES
118,5/28/2020,AZCAPOTZALCO,ZAPATERIA,LA LUNA,IMPLEMENTACION MEDIDAS CAUTELARES CONSISTENTE SUSPENSIÓN DE ACTIVIDADES
119,5/29/2020,CUAJIMALPA DE MORELOS,VENTA DE PERFUMES,PERFUMES EUROPEOS,IMPLEMENTACION MEDIDAS CAUTELARES CONSISTENTE SUSPENSIÓN DE ACTIVIDADES
120,5/29/2020,CUAJIMALPA DE MORELOS,VENTA DE REGALOS Y BISUTERIA,SIN DENOMINACION,IMPLEMENTACION MEDIDAS CAUTELARES CONSISTENTE SUSPENSIÓN DE ACTIVIDADES
121,5/29/2020,CUAJIMALPA DE MORELOS,VENTA DE ROPA,SIN DENOMINACION,IMPLEMENTACION MEDIDAS CAUTELARES CONSISTENTE SUSPENSIÓN DE ACTIVIDADES
122,6/5/2020,BENITO JUAREZ,VENTA DE CLOSETS Y PUERTAS,CLOSETS Y PUERTAS,IMPLEMENTACION MEDIDAS CAUTELARES CONSISTENTE SUSPENSIÓN DE ACTIVIDADES
123,6/5/2020,VENUSTIANO CARRANZA,VENTA DE ARTICULOS MANUFACTURADOS,ANFORAMA,IMPLEMENTACION MEDIDAS CAUTELARES CONSISTENTE SUSPENSIÓN DE ACTIVIDADES
124,6/10/2020,LA MAGDALENA CONTRERAS,VENTA DE TELAS,MODATELAS S.A DE C.V.,IMPLEMENTACION MEDIDAS CAUTELARES CONSISTENTE SUSPENSIÓN DE ACTIVIDADES
125,6/18/2020,CUAUHTEMOC,OFICINAS,WORK SYSTEM,IMPLEMENTACION MEDIDAS CAUTELARES CONSISTENTE SUSPENSIÓN DE ACTIVIDADES
126,6/19/2020,VENUSTIANO CARRANZA,VENTA DE CERVEZA EN ENVASE ABIERTO,LAS JARDINERAS,IMPLEMENTACION MEDIDAS CAUTELARES CONSISTENTE SUSPENSIÓN DE ACTIVIDADES
127,7/7/2020,CUAUHTEMOC,COMPRA DE METALES,SIN DENOMINACIÓN,IMPLEMENTACION MEDIDAS CAUTELARES CONSISTENTE SUSPENSIÓN DE ACTIVIDADES
128,7/7/2020,CUAUHTEMOC,JOYERIA,SIN DENOMINACIÓN,IMPLEMENTACION MEDIDAS CAUTELARES CONSISTENTE SUSPENSIÓN DE ACTIVIDADES
129,7/7/2020,CUAUHTEMOC,ZAPATERIA,OUTLET DEPORTES,IMPLEMENTACION MEDIDAS CAUTELARES CONSISTENTE SUSPENSIÓN DE ACTIVIDADES
130,7/7/2020,CUAUHTEMOC,VENTA DE COSMETICOS,IMF,IMPLEMENTACION MEDIDAS CAUTELARES CONSISTENTE SUSPENSIÓN DE ACTIVIDADES
131,7/7/2020,CUAUHTEMOC,VENTA DE ROPA,LEE OUTLET,IMPLEMENTACION MEDIDAS CAUTELARES CONSISTENTE SUSPENSIÓN DE ACTIVIDADES
132,7/7/2020,CUAUHTEMOC,ZAPATERIA,SIN DENOMINACIÓN,IMPLEMENTACION MEDIDAS CAUTELARES CONSISTENTE SUSPENSIÓN DE ACTIVIDADES
133,7/8/2020,CUAUHTEMOC,FERRETERIA,F LIBRA,IMPLEMENTACION MEDIDAS CAUTELARES CONSISTENTE SUSPENSIÓN DE ACTIVIDADES
134,7/8/2020,CUAUHTEMOC,PAPELERIA Y VENTA DE ARTICULOS,OFFICE MAX,IMPLEMENTACION MEDIDAS CAUTELARES CONSISTENTE SUSPENSIÓN DE ACTIVIDADES
135,7/8/2020,CUAUHTEMOC,VENTA DE ROPA,MIS COLLETION KIDS,IMPLEMENTACION MEDIDAS CAUTELARES CONSISTENTE SUSPENSIÓN DE ACTIVIDADES
136,7/8/2020,CUAUHTEMOC,VENTA DE BISUTERIA,BISUTERIA FN,IMPLEMENTACION MEDIDAS CAUTELARES CONSISTENTE SUSPENSIÓN DE ACTIVIDADES
137,7/8/2020,CUAUHTEMOC,ZAPATERIA,DOROTHY GAYNOR,IMPLEMENTACION MEDIDAS CAUTELARES CONSISTENTE SUSPENSIÓN DE ACTIVIDADES
138,7/8/2020,GAM,SUPERMERCADO,CHEDRAHUI,IMPLEMENTACION MEDIDAS CAUTELARES CONSISTENTE SUSPENSIÓN DE ACTIVIDADES
139,7/9/2020,CUAUHTEMOC,IMPRESIÓN DIGITAL,TOP DIGITAL,IMPLEMENTACION MEDIDAS CAUTELARES CONSISTENTE SUSPENSIÓN DE ACTIVIDADES
140,7/10/2020,CUAUHTEMOC,REPARACIÓN DE APARATOS ELECTRONICOS,MAC TELEFONIA,IMPLEMENTACION MEDIDAS CAUTELARES CONSISTENTE SUSPENSIÓN DE ACTIVIDADES
141,7/21/2020,CUAUHTEMOC,VENTA DE ELECTRONICOS,TRANSHINE,IMPLEMENTACION MEDIDAS CAUTELARES CONSISTENTE SUSPENSIÓN DE ACTIVIDADES
142,7/21/2020,CUAUHTEMOC,TALABARTERIA,EL CABALLO BLANCO,IMPLEMENTACION MEDIDAS CAUTELARES CONSISTENTE SUSPENSIÓN DE ACTIVIDADES
143,7/21/2020,CUAUHTEMOC,ZAPATERIA,VAZZA,IMPLEMENTACION MEDIDAS CAUTELARES CONSISTENTE SUSPENSIÓN DE ACTIVIDADES
144,7/22/2020,CUAUHTEMOC,ZAPATERIA,LAS VEGAS,IMPLEMENTACION MEDIDAS CAUTELARES CONSISTENTE SUSPENSIÓN DE ACTIVIDADES
145,7/22/2020,CUAUHTEMOC,VENTA DE ROPA,NINA NF FERRE,IMPLEMENTACION MEDIDAS CAUTELARES CONSISTENTE SUSPENSIÓN DE ACTIVIDADES
146,7/22/2020,CUAUHTEMOC,COMPRA Y VENTA DE JOYERIA Y RELOJES,EL LINGOTE DE ORO,IMPLEMENTACION MEDIDAS CAUTELARES CONSISTENTE SUSPENSIÓN DE ACTIVIDADES
147,7/23/2020,CUAUHTEMOC,ZAPATERIA,RUDOS ESENCIAL,IMPLEMENTACION MEDIDAS CAUTELARES CONSISTENTE SUSPENSIÓN DE ACTIVIDADES
148,7/23/2020,CUAUHTEMOC,VENTA DE MOCHILAS,MOCHILA 5 DE MAYO,IMPLEMENTACION MEDIDAS CAUTELARES CONSISTENTE SUSPENSIÓN DE ACTIVIDADES
149,7/24/2020,CUAUHTEMOC,VENTA DE ROPA,QUARRY,IMPLEMENTACION MEDIDAS CAUTELARES CONSISTENTE SUSPENSIÓN DE ACTIVIDADES
150,7/24/2020,CUAUHTEMOC,OPTICA,VISION MODERNA,IMPLEMENTACION MEDIDAS CAUTELARES CONSISTENTE SUSPENSIÓN DE ACTIVIDADES
151,7/27/2020,CUAUHTEMOC,VENTA DE ARTESANIAS,AXEL,IMPLEMENTACION MEDIDAS CAUTELARES CONSISTENTE SUSPENSIÓN DE ACTIVIDADES
152,7/27/2020,CUAUHTEMOC,VENTA DE GORRAS,SIN DENOMINACIÓN,IMPLEMENTACION MEDIDAS CAUTELARES CONSISTENTE SUSPENSIÓN DE ACTIVIDADES
153,7/28/2020,CUAUHTEMOC,VENTA DE ACCESORIOS,SIN DENOMINACIÓN,IMPLEMENTACION MEDIDAS CAUTELARES CONSISTENTE SUSPENSIÓN DE ACTIVIDADES
154,7/28/2020,CUAUHTEMOC,JUGUETERIA,SIN DENOMINACIÓN,IMPLEMENTACION MEDIDAS CAUTELARES CONSISTENTE SUSPENSIÓN DE ACTIVIDADES
155,7/28/2020,CUAUHTEMOC,ZAPATERIA,KERELE,IMPLEMENTACION MEDIDAS CAUTELARES CONSISTENTE SUSPENSIÓN DE ACTIVIDADES
156,7/28/2020,CUAUHTEMOC,VENTA DE ROPA,MENS,IMPLEMENTACION MEDIDAS CAUTELARES CONSISTENTE SUSPENSIÓN DE ACTIVIDADES
157,7/28/2020,CUAUHTEMOC,ZAPATERIA,LA MILAGRESA,IMPLEMENTACION MEDIDAS CAUTELARES CONSISTENTE SUSPENSIÓN DE ACTIVIDADES
158,7/28/2020,CUAUHTEMOC,VENTA DE ARTICULOS DE BELLEZA,TRENDY,IMPLEMENTACION MEDIDAS CAUTELARES CONSISTENTE SUSPENSIÓN DE ACTIVIDADES
159,7/29/2020,CUAUHTEMOC,ZAPATERIA,VAZZA,IMPLEMENTACION MEDIDAS CAUTELARES CONSISTENTE SUSPENSIÓN DE ACTIVIDADES
160,7/29/2020,CUAUHTEMOC,VENTA DE ROPA  ,NICHOLAS,IMPLEMENTACION MEDIDAS CAUTELARES CONSISTENTE SUSPENSIÓN DE ACTIVIDADES
161,7/30/2020,CUAUHTEMOC,VENTA DE ROPA  ,AY WEY!,IMPLEMENTACION MEDIDAS CAUTELARES CONSISTENTE SUSPENSIÓN DE ACTIVIDADES
162,7/30/2020,CUAUHTEMOC,VENTA VESTIDOS DE NOVIA,DISEÑOS SHARON,IMPLEMENTACION MEDIDAS CAUTELARES CONSISTENTE SUSPENSIÓN DE ACTIVIDADES
163,7/31/2020,CUAUHTEMOC,BAR,LA MEZCALITA,IMPLEMENTACION MEDIDAS CAUTELARES CONSISTENTE SUSPENSIÓN DE ACTIVIDADES
164,8/3/2020,CUAUHTEMOC,CENTRO DE CAPACITACIÓN,SIN DENOMINACIÓN,IMPLEMENTACION MEDIDAS CAUTELARES CONSISTENTE SUSPENSIÓN DE ACTIVIDADES
165,8/3/2020,CUAUHTEMOC,VENTA DE ROPA,SIN DENOMINACIÓN,IMPLEMENTACION MEDIDAS CAUTELARES CONSISTENTE SUSPENSIÓN DE ACTIVIDADES
166,8/3/2020,CUAUHTEMOC,PELETERIA Y ARTICULOS DE PIEL,SIN DENOMINACIÓN,IMPLEMENTACION MEDIDAS CAUTELARES CONSISTENTE SUSPENSIÓN DE ACTIVIDADES
167,8/3/2020,CUAUHTEMOC,CENTRO JOYERO,CENTRO JOYERO PALMA 5,IMPLEMENTACION MEDIDAS CAUTELARES CONSISTENTE SUSPENSIÓN DE ACTIVIDADES
168,8/4/2020,CUAUHTEMOC,VENTA DE PERFUMES,FRAICHE,IMPLEMENTACION MEDIDAS CAUTELARES CONSISTENTE SUSPENSIÓN DE ACTIVIDADES
169,8/4/2020,CUAUHTEMOC,VENTA DE CELULARES,XIAOMI,IMPLEMENTACION MEDIDAS CAUTELARES CONSISTENTE SUSPENSIÓN DE ACTIVIDADES
170,8/4/2020,CUAUHTEMOC,VENTA DE ARTICULOS MANUFACTURADOS,OLAZA DE LA BELLEZA,IMPLEMENTACION MEDIDAS CAUTELARES CONSISTENTE SUSPENSIÓN DE ACTIVIDADES
171,8/6/2020,CUAUHTEMOC,VENTA DE ARTESANIAS,SIN DENOMINACION,IMPLEMENTACION MEDIDAS CAUTELARES CONSISTENTE SUSPENSIÓN DE ACTIVIDADES
172,8/7/2020,COYOACAN,VENTA DE ABARROTES,LA REINA DEL SUR,IMPLEMENTACION MEDIDAS CAUTELARES CONSISTENTE SUSPENSIÓN DE ACTIVIDADES
173,8/7/2020,COYOACAN,VENTA DE ABARROTES,ABARROTES MORALES,IMPLEMENTACION MEDIDAS CAUTELARES CONSISTENTE SUSPENSIÓN DE ACTIVIDADES
174,8/7/2020,COYOACAN,"VENTA DE ABARROTES, VINOS Y LICORES",LA REFORMA,IMPLEMENTACION MEDIDAS CAUTELARES CONSISTENTE SUSPENSIÓN DE ACTIVIDADES
175,8/7/2020,COYOACAN,VENTA DE ABARROTES,BARROTES COYOACAN,IMPLEMENTACION MEDIDAS CAUTELARES CONSISTENTE SUSPENSIÓN DE ACTIVIDADES
176,8/7/2020,COYOACAN,ACCESO A INTERNET,CIBER GOYO,IMPLEMENTACION MEDIDAS CAUTELARES CONSISTENTE SUSPENSIÓN DE ACTIVIDADES
177,8/8/2020,TLALPAN,VENTA DE BEBIDAS ALCOHOLICAS,PUB IRLANDES,IMPLEMENTACION MEDIDAS CAUTELARES CONSISTENTE SUSPENSIÓN DE ACTIVIDADES
178,8/11/2020,CUAUHTEMOC,VENTA DE COSMETICOS,LA CADENA,IMPLEMENTACION MEDIDAS CAUTELARES CONSISTENTE SUSPENSIÓN DE ACTIVIDADES
179,8/11/2020,CUAUHTEMOC,VENTA DE PLÁSTICOS,"PLASTICOS, PEGAMENTOS Y ESPUMAS",IMPLEMENTACION MEDIDAS CAUTELARES CONSISTENTE SUSPENSIÓN DE ACTIVIDADES
180,8/11/2020,CUAUHTEMOC,VENTA DE TELAS,MARIANA TEXTIL,IMPLEMENTACION MEDIDAS CAUTELARES CONSISTENTE SUSPENSIÓN DE ACTIVIDADES
181,8/11/2020,CUAUHTEMOC,VENTA DE INSTRUMENTOS MUSICALES,CAR AND MUSIC,IMPLEMENTACION MEDIDAS CAUTELARES CONSISTENTE SUSPENSIÓN DE ACTIVIDADES
182,8/11/2020,CUAUHTEMOC,VENTA DE INSTRUMENTOS MUSICALES,LIGHTS,IMPLEMENTACION MEDIDAS CAUTELARES CONSISTENTE SUSPENSIÓN DE ACTIVIDADES
183,8/11/2020,CUAUHTEMOC,VENTA DE BEBIDAS ALCOHOLICAS EN ENVASE ABIERTO (BAR),LONDON BLUE,IMPLEMENTACION MEDIDAS CAUTELARES CONSISTENTE SUSPENSIÓN DE ACTIVIDADES
184,8/13/2020,CUAUHTEMOC,VENTA DE ACCESORIOS,HEY LOVELY ACCESORIOS,IMPLEMENTACION MEDIDAS CAUTELARES CONSISTENTE SUSPENSIÓN DE ACTIVIDADES
185,8/13/2020,CUAUHTEMOC,FERRETERIA,INICIO FERRETERO,IMPLEMENTACION MEDIDAS CAUTELARES CONSISTENTE SUSPENSIÓN DE ACTIVIDADES
186,8/13/2020,CUAUHTEMOC,CAPACITACION TECNICA Y DE OFICIOS,SIN DENOMINACION,IMPLEMENTACION MEDIDAS CAUTELARES CONSISTENTE SUSPENSIÓN DE ACTIVIDADES
187,8/14/2020,TLALPAN,VENTA DE BEBIDAS ALCOHOLICAS EN ENVASE ABIERTO (BAR),KALI,IMPLEMENTACION MEDIDAS CAUTELARES CONSISTENTE SUSPENSIÓN DE ACTIVIDADES
188,8/17/2020,CUAUHTEMOC,VENTA DE MOCHILAS Y JUGUETES,SIN DENOMINACION,IMPLEMENTACION MEDIDAS CAUTELARES CONSISTENTE SUSPENSIÓN DE ACTIVIDADES
189,8/18/2020,CUAUHTEMOC,ZAPATERIA,TACONAZO,IMPLEMENTACION MEDIDAS CAUTELARES CONSISTENTE SUSPENSIÓN DE ACTIVIDADES
190,8/18/2020,CUAUHTEMOC,VENTA DE ROPA,SIN DENOMINACION,IMPLEMENTACION MEDIDAS CAUTELARES CONSISTENTE SUSPENSIÓN DE ACTIVIDADES
191,8/18/2020,CUAUHTEMOC,VENTA DE COSMETICOS,COSMETICOS MIA,IMPLEMENTACION MEDIDAS CAUTELARES CONSISTENTE SUSPENSIÓN DE ACTIVIDADES
192,8/18/2020,CUAUHTEMOC,VENTA DE ROPA,SANTORY,IMPLEMENTACION MEDIDAS CAUTELARES CONSISTENTE SUSPENSIÓN DE ACTIVIDADES
193,8/18/2020,CUAUHTEMOC,VENTA DE BLANCOS,LA PERLA DE MEXICO,IMPLEMENTACION MEDIDAS CAUTELARES CONSISTENTE SUSPENSIÓN DE ACTIVIDADES
194,8/19/2020,CUAUHTEMOC,VENTA DE TELAS,PELUCHES MARQUEZ,IMPLEMENTACION MEDIDAS CAUTELARES CONSISTENTE SUSPENSIÓN DE ACTIVIDADES
195,8/19/2020,CUAUHTEMOC,PAPELERIA,SIN DENOMINACION,IMPLEMENTACION MEDIDAS CAUTELARES CONSISTENTE SUSPENSIÓN DE ACTIVIDADES
196,8/20/2020,CUAUHTEMOC,VENTA DE ROPA,NINA FERRE,IMPLEMENTACION MEDIDAS CAUTELARES CONSISTENTE SUSPENSIÓN DE ACTIVIDADES
197,8/20/2020,CUAUHTEMOC,VENTA DE ROPA,MASCARA DE LATEX,IMPLEMENTACION MEDIDAS CAUTELARES CONSISTENTE SUSPENSIÓN DE ACTIVIDADES
198,8/20/2020,CUAUHTEMOC,VENTA DE ARTICULOS VARIOS,FOMIS BRYAN,IMPLEMENTACION MEDIDAS CAUTELARES CONSISTENTE SUSPENSIÓN DE ACTIVIDADES
199,8/21/2020,CUAUHTEMOC,LIBRERÍA,EL GRAN REMATE,IMPLEMENTACION MEDIDAS CAUTELARES CONSISTENTE SUSPENSIÓN DE ACTIVIDADES
200,8/21/2020,CUAUHTEMOC,VENTA DE EQUIPO DE VIDEO,CAMARAS DIGITALES DEL CENTRO,IMPLEMENTACION MEDIDAS CAUTELARES CONSISTENTE SUSPENSIÓN DE ACTIVIDADES
201,8/21/2020,CUAUHTEMOC,VENTA DE BEBIDAS ALCOHOLICAS,BOCA NEGRA,IMPLEMENTACION MEDIDAS CAUTELARES CONSISTENTE SUSPENSIÓN DE ACTIVIDADES
202,8/21/2020,CUAUHTEMOC,VENTA DE BEBIDAS ALCOHOLICAS,LA CANTINA DE REGINA,IMPLEMENTACION MEDIDAS CAUTELARES CONSISTENTE SUSPENSIÓN DE ACTIVIDADES
203,8/21/2020,CUAUHTEMOC,VENTA DE BEBIDAS ALCOHOLICAS,PAKALY,IMPLEMENTACION MEDIDAS CAUTELARES CONSISTENTE SUSPENSIÓN DE ACTIVIDADES
204,8/21/2020,CUAUHTEMOC,VENTA DE BEBIDAS ALCOHOLICAS,EL ALEBRIJE REAL,IMPLEMENTACION MEDIDAS CAUTELARES CONSISTENTE SUSPENSIÓN DE ACTIVIDADES
205,8/21/2020,CUAUHTEMOC,VENTA DE BEBIDAS ALCOHOLICAS,DAMELY,IMPLEMENTACION MEDIDAS CAUTELARES CONSISTENTE SUSPENSIÓN DE ACTIVIDADES
206,8/21/2020,CUAUHTEMOC,VENTA DE BEBIDAS ALCOHOLICAS EN ENVASE ABIERTO (BAR),FISHERS,IMPLEMENTACION MEDIDAS CAUTELARES CONSISTENTE SUSPENSIÓN DE ACTIVIDADES
207,8/22/2020,COYOACAN,VENTA DE BEBIDAS ALCOHOLICAS EN ENVASE ABIERTO (BAR),BARLEQUIN,IMPLEMENTACION MEDIDAS CAUTELARES CONSISTENTE SUSPENSIÓN DE ACTIVIDADES
208,8/24/2020,CUAUHTEMOC,VENTA DE ROPA,VALENTI COLLEZIONE,IMPLEMENTACION MEDIDAS CAUTELARES CONSISTENTE SUSPENSIÓN DE ACTIVIDADES
209,8/24/2020,CUAUHTEMOC,VENTA DE TELAS,GRUPO TEX,IMPLEMENTACION MEDIDAS CAUTELARES CONSISTENTE SUSPENSIÓN DE ACTIVIDADES
210,8/25/2020,CUAUHTEMOC,VENTA DE TELAS,ALMACENES EL DORADO ,IMPLEMENTACION MEDIDAS CAUTELARES CONSISTENTE SUSPENSIÓN DE ACTIVIDADES
211,8/25/2020,CUAUHTEMOC,VENTA DE ROPA,CUIDADO CON EL PERRO ,IMPLEMENTACION MEDIDAS CAUTELARES CONSISTENTE SUSPENSIÓN DE ACTIVIDADES
212,8/26/2020,CUAUHTEMOC,PAPELERIA,PAPELERIA ADRY,IMPLEMENTACION MEDIDAS CAUTELARES CONSISTENTE SUSPENSIÓN DE ACTIVIDADES
213,8/27/2020,CUAUHTEMOC,VENTA DE ARTICULOS DE BELLEZA,MANITOS,IMPLEMENTACION MEDIDAS CAUTELARES CONSISTENTE SUSPENSIÓN DE ACTIVIDADES
214,8/27/2020,CUAUHTEMOC,VENTA DE ARTICULOS VARIOS,NOVEDADES ANGEL,IMPLEMENTACION MEDIDAS CAUTELARES CONSISTENTE SUSPENSIÓN DE ACTIVIDADES
215,8/27/2020,COYOACAN,VENTA DE BEBIDAS ALCOHOLICAS (DEPOSITO DE CERVEZA),LA MIXELADA,IMPLEMENTACION MEDIDAS CAUTELARES CONSISTENTE SUSPENSIÓN DE ACTIVIDADES
216,8/27/2020,COYOACAN,VENTA DE BEBIDAS ALCOHOLICAS (DEPOSITO DE CERVEZA),"VINOS, ABARROTES SUPERANDA",IMPLEMENTACION MEDIDAS CAUTELARES CONSISTENTE SUSPENSIÓN DE ACTIVIDADES
217,8/27/2020,COYOACAN,ABARROTES,LOS MORENOS,IMPLEMENTACION MEDIDAS CAUTELARES CONSISTENTE SUSPENSIÓN DE ACTIVIDADES
218,8/28/2020,CUAUHTEMOC,VENTA DE BISUTERÍA Y ACCESORIOS DE VESTIR,ARTE NATURAL SHARON,IMPLEMENTACION MEDIDAS CAUTELARES CONSISTENTE SUSPENSIÓN DE ACTIVIDADES
219,8/28/2020,CUAUHTEMOC,MINISUPER,MINISUPER VA,IMPLEMENTACION MEDIDAS CAUTELARES CONSISTENTE SUSPENSIÓN DE ACTIVIDADES
220,8/29/2020,CUAUHTEMOC,VENTA DE BEBIDAS ALCOHÓLICAS EN ENVASE ABIERTO,LA MEZCALITA,IMPLEMENTACION MEDIDAS CAUTELARES CONSISTENTE SUSPENSIÓN DE ACTIVIDADES
221,8/29/2020,COYOACAN,BAR,DUBAI,IMPLEMENTACION MEDIDAS CAUTELARES CONSISTENTE SUSPENSIÓN DE ACTIVIDADES
222,8/29/2020,TLALPAN,BAR,EL JAIBOL,IMPLEMENTACION MEDIDAS CAUTELARES CONSISTENTE SUSPENSIÓN DE ACTIVIDADES
223,9/2/2020,CUAUHTEMOC,VENTA DE ARTICULOS DE BELLEZA,PRODUCTOS DE BELLEZA ANA,IMPLEMENTACION MEDIDAS CAUTELARES CONSISTENTE SUSPENSIÓN DE ACTIVIDADES
224,9/3/2020,CUAUHTEMOC,ZAPATERIA,SAN JUAN,IMPLEMENTACION MEDIDAS CAUTELARES CONSISTENTE SUSPENSIÓN DE ACTIVIDADES
225,9/3/2020,CUAUHTEMOC,VENTA DE BLANCOS,TIENDA URUGUAY,IMPLEMENTACION MEDIDAS CAUTELARES CONSISTENTE SUSPENSIÓN DE ACTIVIDADES
226,9/4/2020,AZCAPOTZALCO,CANTINA,EL DUX DE VENECIA,IMPLEMENTACION MEDIDAS CAUTELARES CONSISTENTE SUSPENSIÓN DE ACTIVIDADES
227,9/4/2020,AZCAPOTZALCO,BAR,SEGUNDO PISO,IMPLEMENTACION MEDIDAS CAUTELARES CONSISTENTE SUSPENSIÓN DE ACTIVIDADES
228,9/4/2020,BENITO JUAREZ,RESTAURANTE BAR,STEAK & GRILLS,IMPLEMENTACION MEDIDAS CAUTELARES CONSISTENTE SUSPENSIÓN DE ACTIVIDADES
229,9/4/2020,AZCAPOTZALCO,BAR,THE BASEMENT,IMPLEMENTACION MEDIDAS CAUTELARES CONSISTENTE SUSPENSIÓN DE ACTIVIDADES
230,9/4/2020,AZCAPOTZALCO,BAR,BAR ROCK 299,IMPLEMENTACION MEDIDAS CAUTELARES CONSISTENTE SUSPENSIÓN DE ACTIVIDADES
231,9/4/2020,TLALPAN,BAR,LA MAJADERA,IMPLEMENTACION MEDIDAS CAUTELARES CONSISTENTE SUSPENSIÓN DE ACTIVIDADES
232,9/4/2020,AZCAPOTZALCO,BAR,LA GUARIDA DE TEZOZOMOC,IMPLEMENTACION MEDIDAS CAUTELARES CONSISTENTE SUSPENSIÓN DE ACTIVIDADES
233,9/5/2020,COYOACAN,VENTA DE BEBIDAS ALCOHOLICAS EN ENVASE ABIERTO,ALAS PERRONAS BIKER ,IMPLEMENTACION MEDIDAS CAUTELARES CONSISTENTE SUSPENSIÓN DE ACTIVIDADES
234,9/5/2020,TLALPAN,VENTA DE BEBIDAS ALCOHOLICAS EN ENVASE ABIERTO,CHELAYO,IMPLEMENTACION MEDIDAS CAUTELARES CONSISTENTE SUSPENSIÓN DE ACTIVIDADES
235,9/11/2020,CUAUHTEMOC,BAR,LA GUERA,IMPLEMENTACION MEDIDAS CAUTELARES CONSISTENTE SUSPENSIÓN DE ACTIVIDADES
236,9/11/2020,CUAUHTEMOC,BAR,REGINA 70,IMPLEMENTACION MEDIDAS CAUTELARES CONSISTENTE SUSPENSIÓN DE ACTIVIDADES
237,9/11/2020,TLALPAN,VENTA DE BEBIDAS ALCOHOLICAS EN ENVASE ABIERTO,EL JAIBOL,IMPLEMENTACION MEDIDAS CAUTELARES CONSISTENTE SUSPENSIÓN DE ACTIVIDADES
238,9/11/2020,TLALPAN,VENTA DE BEBIDAS ALCOHOLICAS EN ENVASE ABIERTO,LA SAETA,IMPLEMENTACION MEDIDAS CAUTELARES CONSISTENTE SUSPENSIÓN DE ACTIVIDADES
239,9/11/2020,CUAUHTEMOC,VENTA DE BEBIDAS ALCOHOLICAS EN ENVASE ABIERTO,LA FRONTERA,IMPLEMENTACION MEDIDAS CAUTELARES CONSISTENTE SUSPENSIÓN DE ACTIVIDADES
240,9/11/2020,TLALPAN,VENTA DE BEBIDAS ALCOHOLICAS EN ENVASE ABIERTO,FLOW,IMPLEMENTACION MEDIDAS CAUTELARES CONSISTENTE SUSPENSIÓN DE ACTIVIDADES
241,9/12/2020,BENITO JUAREZ,VENTA DE BEBIDAS ALCOHOLICAS EN ENVASE ABIERTO,EL SONORENSE,IMPLEMENTACION MEDIDAS CAUTELARES CONSISTENTE SUSPENSIÓN DE ACTIVIDADES
242,9/17/2020,CUAUHTEMOC,BAR,MAMAMIO CLUB,IMPLEMENTACION MEDIDAS CAUTELARES CONSISTENTE SUSPENSIÓN DE ACTIVIDADES
243,9/19/2020,TLALPAN,RESTAURANTE BAR,LA LOLITA,IMPLEMENTACION MEDIDAS CAUTELARES CONSISTENTE SUSPENSIÓN DE ACTIVIDADES
244,9/25/2020,LA MAGDALENA CONTRERAS,VENTA DE BEBIDAS ALCOHOLICAS EN ENVASE ABIERTO,SIN DENOMINACIÓN,IMPLEMENTACION MEDIDAS CAUTELARES CONSISTENTE SUSPENSIÓN DE ACTIVIDADES
245,9/25/2020,CUAUHTEMOC,BAR,DECK,IMPLEMENTACION MEDIDAS CAUTELARES CONSISTENTE SUSPENSIÓN DE ACTIVIDADES
246,9/25/2020,CUAUHTEMOC,RESTAURANTE,MILANESAS GRILL,IMPLEMENTACION MEDIDAS CAUTELARES CONSISTENTE SUSPENSIÓN DE ACTIVIDADES
247,9/26/2020,TLALPAN,RESTAURANTE,ALAS CHELAS,IMPLEMENTACION MEDIDAS CAUTELARES CONSISTENTE SUSPENSIÓN DE ACTIVIDADES
248,9/30/2020,BENITO JUAREZ,OFICINAS,CONSORCIO EMPRESARIAL MARSAL,IMPLEMENTACION MEDIDAS CAUTELARES CONSISTENTE SUSPENSIÓN DE ACTIVIDADES
249,2/10/20,TLALPAN,VENTA DE BEBIDAS ALCOHOLICAS EN ENVASE ABIERTO,KALI TERRAZAS SNAK BAR,IMPLEMENTACION MEDIDAS CAUTELARES CONSISTENTE SUSPENSIÓN DE ACTIVIDADES
250,10/3/2020,CUAUHTEMOC,VENTA DE BEBIDAS ALCOHOLICAS EN ENVASE ABIERTO,GLOWDK DK,IMPLEMENTACION MEDIDAS CAUTELARES CONSISTENTE SUSPENSIÓN DE ACTIVIDADES
251,10/3/2020,CUAUHTEMOC,VENTA DE BEBIDAS ALCOHOLICAS EN ENVASE ABIERTO,THE BEER COMPANY,IMPLEMENTACION MEDIDAS CAUTELARES CONSISTENTE SUSPENSIÓN DE ACTIVIDADES
252,10/8/2020,TLALPAN,VENTA DE BEBIDAS ALCOHOLICAS EN ENVASE ABIERTO,PUNTA CANA,IMPLEMENTACION MEDIDAS CAUTELARES CONSISTENTE SUSPENSIÓN DE ACTIVIDADES
253,10/9/2020,COYOACAN,VENTA DE BEBIDAS ALCOHOLICAS EN ENVASE ABIERTO,EL CLUB,IMPLEMENTACION MEDIDAS CAUTELARES CONSISTENTE SUSPENSIÓN DE ACTIVIDADES
254,10/9/2020,CUAUHTEMOC,VENTA DE BEBIDAS ALCOHOLICAS EN ENVASE ABIERTO,LA CAÑITA,IMPLEMENTACION MEDIDAS CAUTELARES CONSISTENTE SUSPENSIÓN DE ACTIVIDADES
255,10/11/2020,CUAUHTEMOC,BAR,TERRAZA COLONIAL,IMPLEMENTACION MEDIDAS CAUTELARES CONSISTENTE SUSPENSIÓN DE ACTIVIDADES
256,10/11/2020,CUAUHTEMOC,BAR,SALÓN COLONIAL,IMPLEMENTACION MEDIDAS CAUTELARES CONSISTENTE SUSPENSIÓN DE ACTIVIDADES
257,10/11/2020,CUAUHTEMOC,VENTA DE BEBIDAS ALCOHOLICAS EN ENVASE ABIERTO,TOLEDO ROOFTOP,IMPLEMENTACION MEDIDAS CAUTELARES CONSISTENTE SUSPENSIÓN DE ACTIVIDADES
258,10/16/2020,ALVARO OBREGON,VENTA DE BEBIDAS ALCOHOLICAS EN ENVASE ABIERTO, EL JAIBOL,IMPLEMENTACION MEDIDAS CAUTELARES CONSISTENTE SUSPENSIÓN DE ACTIVIDADES
259,10/16/2020,TLALPAN,VENTA DE BEBIDAS ALCOHOLICAS EN ENVASE ABIERTO,REVEN,IMPLEMENTACION MEDIDAS CAUTELARES CONSISTENTE SUSPENSIÓN DE ACTIVIDADES
260,10/16/2020,MIGUEL HIDALGO,VENTA DE BEBIDAS ALCOHOLICAS EN ENVASE ABIERTO,CARMELO,IMPLEMENTACION MEDIDAS CAUTELARES CONSISTENTE SUSPENSIÓN DE ACTIVIDADES
261,10/16/2020,TLALPAN,VENTA DE BEBIDAS ALCOHOLICAS EN ENVASE ABIERTO,SANTA CECILIA,IMPLEMENTACION MEDIDAS CAUTELARES CONSISTENTE SUSPENSIÓN DE ACTIVIDADES
262,10/17/2020,ALVARO OBREGON,VENTA DE BEBIDAS ALCOHOLICAS EN ENVASE ABIERTO,SAMBUECA,IMPLEMENTACION MEDIDAS CAUTELARES CONSISTENTE SUSPENSIÓN DE ACTIVIDADES
263,10/17/2020,MIGUEL HIDALGO,VENTA DE BEBIDAS ALCOHOLICAS EN ENVASE ABIERTO,CARAJILLO,IMPLEMENTACION MEDIDAS CAUTELARES CONSISTENTE SUSPENSIÓN DE ACTIVIDADES
264,10/22/2020,CUAUHTEMOC,VENTA DE BEBIDAS ALCOHOLICAS EN ENVASE ABIERTO,COTORRITOS ,IMPLEMENTACION MEDIDAS CAUTELARES CONSISTENTE SUSPENSIÓN DE ACTIVIDADES
265,10/23/2020,CUAUHTEMOC,VENTA DE BEBIDAS ALCOHOLICAS EN ENVASE ABIERTO,LA NUMANTINA,IMPLEMENTACION MEDIDAS CAUTELARES CONSISTENTE SUSPENSIÓN DE ACTIVIDADES
266,10/23/2020,TLALPAN,VENTA DE BEBIDAS ALCOHOLICAS EN ENVASE ABIERTO,DEMBOW,IMPLEMENTACION MEDIDAS CAUTELARES CONSISTENTE SUSPENSIÓN DE ACTIVIDADES
267,10/24/2020,CUAUHTEMOC,VENTA DE BEBIDAS ALCOHOLICAS EN ENVASE ABIERTO,GOMITAS,IMPLEMENTACION MEDIDAS CAUTELARES CONSISTENTE SUSPENSIÓN DE ACTIVIDADES
268,10/24/2020,CUAUHTEMOC,VENTA DE BEBIDAS ALCOHOLICAS EN ENVASE ABIERTO,REVEN,IMPLEMENTACION MEDIDAS CAUTELARES CONSISTENTE SUSPENSIÓN DE ACTIVIDADES
269,10/24/2020,MIGUEL HIDALGO,VENTA DE BEBIDAS ALCOHOLICAS EN ENVASE ABIERTO,BRASSI,IMPLEMENTACION MEDIDAS CAUTELARES CONSISTENTE SUSPENSIÓN DE ACTIVIDADES
270,10/24/2020,CUAUHTEMOC,VENTA DE BEBIDAS ALCOHOLICAS EN ENVASE ABIERTO,LOS NECIOS,IMPLEMENTACION MEDIDAS CAUTELARES CONSISTENTE SUSPENSIÓN DE ACTIVIDADES
271,10/29/2020,CUAUHTEMOC,BILLAR,CHAPULTEPOOL CITY,IMPLEMENTACION MEDIDAS CAUTELARES CONSISTENTE SUSPENSIÓN DE ACTIVIDADES
272,10/29/2020,CUAUHTEMOC,RESTAURANTE BAR,BACANA 23,IMPLEMENTACION MEDIDAS CAUTELARES CONSISTENTE SUSPENSIÓN DE ACTIVIDADES
273,10/29/2020,BENITO JUAREZ,VENTA DE BEBIDAS ALCOHOLICAS EN ENVASE ABIERTO,ESTAKRBON,IMPLEMENTACION MEDIDAS CAUTELARES CONSISTENTE SUSPENSIÓN DE ACTIVIDADES
274,10/29/2020,BENITO JUAREZ,VENTA DE BEBIDAS ALCOHOLICAS EN ENVASE ABIERTO,FANDO LIZ,IMPLEMENTACION MEDIDAS CAUTELARES CONSISTENTE SUSPENSIÓN DE ACTIVIDADES
275,10/30/2020,CUAUHTEMOC,BAR,LA JUNGLA,IMPLEMENTACION MEDIDAS CAUTELARES CONSISTENTE SUSPENSIÓN DE ACTIVIDADES
276,10/30/2020,TLALPAN,BAR,ENCHULA TU CHELA,IMPLEMENTACION MEDIDAS CAUTELARES CONSISTENTE SUSPENSIÓN DE ACTIVIDADES
277,10/31/2020,CUAUHTEMOC,VENTA DE BEBIDAS ALCOHOLICAS EN ENVASE ABIERTO ,CAFÉ BIZZARRO,IMPLEMENTACION MEDIDAS CAUTELARES CONSISTENTE SUSPENSIÓN DE ACTIVIDADES
278,10/31/2020,CUAUHTEMOC,VENTA DE BEBIDAS ALCOHOLICAS EN ENVASE ABIERTO ,LUNA NEGRA,IMPLEMENTACION MEDIDAS CAUTELARES CONSISTENTE SUSPENSIÓN DE ACTIVIDADES
279,10/31/2020,CUAUHTEMOC,VENTA DE BEBIDAS ALCOHOLICAS EN ENVASE ABIERTO ,SUPRA,IMPLEMENTACION MEDIDAS CAUTELARES CONSISTENTE SUSPENSIÓN DE ACTIVIDADES
280,11/6/2020,TLALPAN,VENTA DE BEBIDAS ALCOHOLICAS EN ENVASE ABIERTO,EL JAIBOL,IMPLEMENTACION MEDIDAS CAUTELARES CONSISTENTE SUSPENSIÓN DE ACTIVIDADES
281,11/6/2020,CUAUHTEMOC,VENTA DE BEBIDAS ALCOHOLICAS EN ENVASE ABIERTO,LA CHOPERIA,IMPLEMENTACION MEDIDAS CAUTELARES CONSISTENTE SUSPENSIÓN DE ACTIVIDADES
282,11/6/2020,CUAUHTEMOC,VENTA DE BEBIDAS ALCOHOLICAS EN ENVASE ABIERTO,PATA NEGRA,IMPLEMENTACION MEDIDAS CAUTELARES CONSISTENTE SUSPENSIÓN DE ACTIVIDADES
283,11/6/2020,COYOACAN,VENTA DE BEBIDAS ALCOHOLICAS EN ENVASE ABIERTO,THE HOUSE DRINK,IMPLEMENTACION MEDIDAS CAUTELARES CONSISTENTE SUSPENSIÓN DE ACTIVIDADES
284,11/12/2020,BENITO JUAREZ,VENTA DE BEBIDAS ALCOHOLICAS EN ENVASE ABIERTO,BABY BON,IMPLEMENTACION MEDIDAS CAUTELARES CONSISTENTE SUSPENSIÓN DE ACTIVIDADES
285,11/12/2020,BENITO JUAREZ,VENTA DE BEBIDAS ALCOHOLICAS EN ENVASE ABIERTO,LA BARTOLA,IMPLEMENTACION MEDIDAS CAUTELARES CONSISTENTE SUSPENSIÓN DE ACTIVIDADES
286,11/13/2020,CUAUHTÉMOC,VENTA DE BEBIDAS ALCOHOLICAS EN ENVASE ABIERTO,LIMA 700,IMPLEMENTACION MEDIDAS CAUTELARES CONSISTENTE SUSPENSIÓN DE ACTIVIDADES
287,11/13/2020,CUAUHTÉMOC,VENTA DE BEBIDAS ALCOHOLICAS EN ENVASE ABIERTO,RINCONCITO CEVICHERO,IMPLEMENTACION MEDIDAS CAUTELARES CONSISTENTE SUSPENSIÓN DE ACTIVIDADES
288,11/13/2020,ÁLVARO OBREGÓN,VENTA DE BEBIDAS ALCOHOLICAS EN ENVASE ABIERTO,SIN DENOMINACIÓN,IMPLEMENTACION MEDIDAS CAUTELARES CONSISTENTE SUSPENSIÓN DE ACTIVIDADES
289,11/13/2020,CUAJIMALPA DE MORELOS,VENTA DE BEBIDAS ALCOHOLICAS EN ENVASE ABIERTO,SENS,IMPLEMENTACION MEDIDAS CAUTELARES CONSISTENTE SUSPENSIÓN DE ACTIVIDADES
290,11/13/2020,CUAUHTÉMOC,VENTA DE BEBIDAS ALCOHOLICAS EN ENVASE ABIERTO,TOLEDO ROOFTOP,IMPLEMENTACION MEDIDAS CAUTELARES CONSISTENTE SUSPENSIÓN DE ACTIVIDADES
291,11/14/2020,MIGUEL HIDALGO,VENTA DE BEBIDAS ALCOHOLICAS EN ENVASE ABIERTO,FISHERS,IMPLEMENTACION MEDIDAS CAUTELARES CONSISTENTE SUSPENSIÓN DE ACTIVIDADES
292,11/20/2020,ALVARO OBREGON,RESTAURANTE,TOP SAN ANGEL,IMPLEMENTACION MEDIDAS CAUTELARES CONSISTENTE SUSPENSIÓN DE ACTIVIDADES
293,11/20/2020,CUAUHTEMOC,VENTA DE BEBIDAS ALCOHOLICA EN ENVASE ABIERTO,COOPER WINGS & WING STATION,IMPLEMENTACION MEDIDAS CAUTELARES CONSISTENTE SUSPENSIÓN DE ACTIVIDADES
294,11/21/2020,CUAUHTEMOC,VENTA DE BEBIDAS ALCOHOLICAS EN ENVASE ABIERTO,LA GAYTA PUSSY,IMPLEMENTACION MEDIDAS CAUTELARES CONSISTENTE SUSPENSIÓN DE ACTIVIDADES
295,11/26/2020,BENITO JUAREZ,VENTA DE BEBIDAS ALCOHOLICAS EN ENVASE ABIERTO,LOS CASTILLEJOS,IMPLEMENTACION MEDIDAS CAUTELARES CONSISTENTE SUSPENSIÓN DE ACTIVIDADES
296,11/26/2020,CUAUHTEMOC,RESTAURANTE,NO ES ARM,IMPLEMENTACION MEDIDAS CAUTELARES CONSISTENTE SUSPENSIÓN DE ACTIVIDADES
297,11/26/2020,AZCAPOTZALCO,RESTAURANTE BAR,ALAMEDA BEER,IMPLEMENTACION MEDIDAS CAUTELARES CONSISTENTE SUSPENSIÓN DE ACTIVIDADES
298,11/27/2020,COYOACÁN,RESTAURANTE,PUERCA NEGRA,IMPLEMENTACION MEDIDAS CAUTELARES CONSISTENTE SUSPENSIÓN DE ACTIVIDADES
299,11/27/2020,TLALPAN,VENTA DE BEBIDAS ALCOHOLICAS EN ENVASE ABIERTO,EL TORITO,IMPLEMENTACION MEDIDAS CAUTELARES CONSISTENTE SUSPENSIÓN DE ACTIVIDADES
300,11/27/2020,CUAUHTÉMOC,VENTA DE BEBIDAS ALCOHOLICAS EN ENVASE ABIERTO,MEXIQUITO,IMPLEMENTACION MEDIDAS CAUTELARES CONSISTENTE SUSPENSIÓN DE ACTIVIDADES
301,11/27/2020,TLALPAN,VENTA DE BEBIDAS ALCOHOLICAS EN ENVASE ABIERTO,LA PULQUERÍA,IMPLEMENTACION MEDIDAS CAUTELARES CONSISTENTE SUSPENSIÓN DE ACTIVIDADES
302,11/27/2020,COYOACÁN,TAQUERÍA,LOS DE LOMO DE COYOACÁN,IMPLEMENTACION MEDIDAS CAUTELARES CONSISTENTE SUSPENSIÓN DE ACTIVIDADES
303,11/27/2020,TLALPAN,VENTA DE BEBIDAS ALCOHOLICAS EN ENVASE ABIERTO,LA SAETA,IMPLEMENTACION MEDIDAS CAUTELARES CONSISTENTE SUSPENSIÓN DE ACTIVIDADES
304,11/28/2020,CUAUHTEMOC,VENTA DE BEBIDAS ALCOHOLICAS EN ENVASE ABIERTO,PERALTA BAR,IMPLEMENTACION MEDIDAS CAUTELARES CONSISTENTE SUSPENSIÓN DE ACTIVIDADES
305,11/28/2020,TLALPAN,VENTA DE BEBIDAS ALCOHOLICAS EN ENVASE ABIERTO,CRIMINAL WINGS,IMPLEMENTACION MEDIDAS CAUTELARES CONSISTENTE SUSPENSIÓN DE ACTIVIDADES
306,11/28/2020,COYOACAN,VENTA DE BEBIDAS ALCOHOLICAS EN ENVASE ABIERTO,BAR DUBAI,IMPLEMENTACION MEDIDAS CAUTELARES CONSISTENTE SUSPENSIÓN DE ACTIVIDADES
307,11/28/2020,CUAUHTEMOC,VENTA DE BEBIDAS ALCOHOLICAS EN ENVASE ABIERTO,EL KALIMAN,IMPLEMENTACION MEDIDAS CAUTELARES CONSISTENTE SUSPENSIÓN DE ACTIVIDADES
308,11/28/2020,CUAUHTEMOC,VENTA DE BEBIDAS ALCOHOLICAS EN ENVASE ABIERTO,LA 5A. TERRAZA,IMPLEMENTACION MEDIDAS CAUTELARES CONSISTENTE SUSPENSIÓN DE ACTIVIDADES
309,11/28/2020,TLALPAN,VENTA DE BEBIDAS ALCOHOLICAS EN ENVASE ABIERTO,TEIKIT,IMPLEMENTACION MEDIDAS CAUTELARES CONSISTENTE SUSPENSIÓN DE ACTIVIDADES
310,12/3/2020,CUAUHTEMOC,RESTAURANTE BAR,GANTE CAFÉ,IMPLEMENTACION MEDIDAS CAUTELARES CONSISTENTE SUSPENSIÓN DE ACTIVIDADES
311,12/3/2020,CUAUHTEMOC,BAR,LA MEXA,IMPLEMENTACION MEDIDAS CAUTELARES CONSISTENTE SUSPENSIÓN DE ACTIVIDADES
312,12/3/2020,CUAUHTEMOC,RESTAURANTE BAR,SARINA,IMPLEMENTACION MEDIDAS CAUTELARES CONSISTENTE SUSPENSIÓN DE ACTIVIDADES
313,12/3/2020,MIGUEL HIDALGO,RESTAURANTE,ROCCO E SIMONA,IMPLEMENTACION MEDIDAS CAUTELARES CONSISTENTE SUSPENSIÓN DE ACTIVIDADES
314,12/3/2020,TLALPAN,TAQUERÍA,LA TAQUERÍA,IMPLEMENTACION MEDIDAS CAUTELARES CONSISTENTE SUSPENSIÓN DE ACTIVIDADES
315,12/3/2020,TLALPAN,RESTAURANTE,PARRILLA AL PUNTO,IMPLEMENTACION MEDIDAS CAUTELARES CONSISTENTE SUSPENSIÓN DE ACTIVIDADES
316,12/4/2020,CUAUHTEMOC,VENTA DE BEBIDAS ALCOHOLICAS,LA MARCHELA,IMPLEMENTACION MEDIDAS CAUTELARES CONSISTENTE SUSPENSIÓN DE ACTIVIDADES
317,12/4/2020,CUAUHTEMOC,VENTA DE BEBIDAS ALCOHOLICAS,COCTEL GRILL & BAR,IMPLEMENTACION MEDIDAS CAUTELARES CONSISTENTE SUSPENSIÓN DE ACTIVIDADES
318,12/4/2020,CUAUHTEMOC,VENTA DE BEBIDAS ALCOHOLICAS,LA ISLA DEL DRAGÓN,IMPLEMENTACION MEDIDAS CAUTELARES CONSISTENTE SUSPENSIÓN DE ACTIVIDADES
319,12/4/2020,CUAUHTEMOC,RESTAURANTE ,EL TIMÓN DE CORTEZ,IMPLEMENTACION MEDIDAS CAUTELARES CONSISTENTE SUSPENSIÓN DE ACTIVIDADES
320,12/4/2020,CUAUHTEMOC,VENTA DE BEBIDAS ALCOHOLICAS,SIN DENOMINACIÓN,IMPLEMENTACION MEDIDAS CAUTELARES CONSISTENTE SUSPENSIÓN DE ACTIVIDADES
321,12/4/2020,ALVARO OBREGON,RESTAURANTE BAR,JAIBOL,IMPLEMENTACION MEDIDAS CAUTELARES CONSISTENTE SUSPENSIÓN DE ACTIVIDADES
322,12/4/2020,MIGUEL HIDALGO,RESTAURANTE,TEPEPAN,IMPLEMENTACION MEDIDAS CAUTELARES CONSISTENTE SUSPENSIÓN DE ACTIVIDADES
323,12/4/2020,CUAUHTEMOC,VENTA DE BEBIDAS ALCOHOLICAS,FRANKFURT,IMPLEMENTACION MEDIDAS CAUTELARES CONSISTENTE SUSPENSIÓN DE ACTIVIDADES
324,12/4/2020,CUAUHTEMOC,VENTA DE BEBIDAS ALCOHOLICAS,LUNA NEGRA,IMPLEMENTACION MEDIDAS CAUTELARES CONSISTENTE SUSPENSIÓN DE ACTIVIDADES
325,12/5/2020,TLALPAN,VENTA DE BEBIDAS ALCOHOLICAS,LOS GOLFOS DE MÉXICO,IMPLEMENTACION MEDIDAS CAUTELARES CONSISTENTE SUSPENSIÓN DE ACTIVIDADES
326,12/5/2020,TLALPAN,VENTA DE BEBIDAS ALCOHOLICAS,EL JAIBOL,IMPLEMENTACION MEDIDAS CAUTELARES CONSISTENTE SUSPENSIÓN DE ACTIVIDADES
327,12/5/2020,CUAUHTEMOC,VENTA DE BEBIDAS ALCOHOLICAS,CERVECERÍA CHAPULTEPEC,IMPLEMENTACION MEDIDAS CAUTELARES CONSISTENTE SUSPENSIÓN DE ACTIVIDADES
328,12/5/2020,CUAUHTEMOC,VENTA DE BEBIDAS ALCOHOLICAS EN ENVASE ABIERTO O AL COPEO,CENTRICO,IMPLEMENTACION MEDIDAS CAUTELARES CONSISTENTE SUSPENSIÓN DE ACTIVIDADES
329,12/8/2020,CUAUHTEMOC,RESTAURANTE,EL CALIFA,IMPLEMENTACION MEDIDAS CAUTELARES CONSISTENTE SUSPENSIÓN DE ACTIVIDADES
330,12/10/2020,CUAUHTEMOC,RESTAURANTE,MAXIMO,IMPLEMENTACION MEDIDAS CAUTELARES CONSISTENTE SUSPENSIÓN DE ACTIVIDADES
331,12/10/2020,CUAUHTEMOC,VENTA DE BEBIDAS ALCOHOLICAS EN ENVASE ABIERTO O AL COPEO,PAKALY,IMPLEMENTACION MEDIDAS CAUTELARES CONSISTENTE SUSPENSIÓN DE ACTIVIDADES
332,12/10/2020,TLALPAN,VENTA DE BEBIDAS ALCOHOLICAS EN ENVASE ABIERTO O AL COPEO,EL JAIBOL,IMPLEMENTACION MEDIDAS CAUTELARES CONSISTENTE SUSPENSIÓN DE ACTIVIDADES
333,12/10/2020,CUAUHTEMOC,VENTA DE BEBIDAS ALCOHOLICAS EN ENVASE ABIERTO O AL COPEO,RESTAURANTE LA SURIANITA,IMPLEMENTACION MEDIDAS CAUTELARES CONSISTENTE SUSPENSIÓN DE ACTIVIDADES
334,12/10/2020,CUAUHTEMOC,VENTA DE BEBIDAS ALCOHOLICAS EN ENVASE ABIERTO O AL COPEO,PIZZERIA NOSFERATU Y EL GRIFO,IMPLEMENTACION MEDIDAS CAUTELARES CONSISTENTE SUSPENSIÓN DE ACTIVIDADES
335,12/10/2020,CUAUHTEMOC,VENTA DE BEBIDAS ALCOHOLICAS EN ENVASE ABIERTO O AL COPEO,AKEL ARREM,IMPLEMENTACION MEDIDAS CAUTELARES CONSISTENTE SUSPENSIÓN DE ACTIVIDADES
336,12/11/2020,CUAUHTEMOC,PULQUERÍA,PULQUERÍA CON TRADICIÓN PANANA,IMPLEMENTACION MEDIDAS CAUTELARES CONSISTENTE SUSPENSIÓN DE ACTIVIDADES
337,12/11/2020,CUAUHTEMOC,VENTA DE BEBIDAS ALCOHOLICAS EN ENVASE ABIERTO O AL COPEO,VANCOUVER WINGS,IMPLEMENTACION MEDIDAS CAUTELARES CONSISTENTE SUSPENSIÓN DE ACTIVIDADES
338,12/11/2020,CUAUHTEMOC,VENTA DE BEBIDAS ALCOHOLICAS EN ENVASE ABIERTO O AL COPEO,TAQUERÍA EL GÛERO,IMPLEMENTACION MEDIDAS CAUTELARES CONSISTENTE SUSPENSIÓN DE ACTIVIDADES
339,12/11/2020,CUAUHTEMOC,VENTA DE BEBIDAS ALCOHOLICAS EN ENVASE ABIERTO O AL COPEO,CUEVA DE LOBOS,IMPLEMENTACION MEDIDAS CAUTELARES CONSISTENTE SUSPENSIÓN DE ACTIVIDADES
340,12/11/2020,TLALPAN,RESTAURANTE,WINGS CITY,IMPLEMENTACION MEDIDAS CAUTELARES CONSISTENTE SUSPENSIÓN DE ACTIVIDADES
341,12/11/2020,CUAUHTEMOC,VENTA DE BEBIDAS ALCOHOLICAS AL COPEO,SOFIA BONITA,IMPLEMENTACION MEDIDAS CAUTELARES CONSISTENTE SUSPENSIÓN DE ACTIVIDADES
342,12/11/2020,CUAUHTEMOC,VENTA DE BEBIDAS ALCOHOLICAS EN ENVASE ABIERTO O AL COPEO,PUNTO CERO MAYA,IMPLEMENTACION MEDIDAS CAUTELARES CONSISTENTE SUSPENSIÓN DE ACTIVIDADES
343,12/11/2020,CUAUHTEMOC,VENTA DE BEBIDAS ALCOHOLICAS EN ENVASE ABIERTO O AL COPEO,LA TABERNA DEL PACÍFICO,IMPLEMENTACION MEDIDAS CAUTELARES CONSISTENTE SUSPENSIÓN DE ACTIVIDADES
344,12/11/2020,CUAUHTEMOC,VENTA DE BEBIDAS ALCOHOLICAS EN ENVASE ABIERTO O AL COPEO,RUSTIK,IMPLEMENTACION MEDIDAS CAUTELARES CONSISTENTE SUSPENSIÓN DE ACTIVIDADES
345,12/11/2020,BENITO JUAREZ,VENTA DE BEBIDAS ALCOHOLICAS EN ENVASE ABIERTO O AL COPEO,LA PICUDA REVOLUCIONARIA,IMPLEMENTACION MEDIDAS CAUTELARES CONSISTENTE SUSPENSIÓN DE ACTIVIDADES
346,12/11/2020,CUAUHTEMOC,VENTA DE BEBIDAS ALCOHOLICAS EN ENVASE ABIERTO O AL COPEO,JAPAN,IMPLEMENTACION MEDIDAS CAUTELARES CONSISTENTE SUSPENSIÓN DE ACTIVIDADES
347,12/12/2020,CUAUHTEMOC,RESTAURANTE BAR,BURGER BAR JOINT,IMPLEMENTACION MEDIDAS CAUTELARES CONSISTENTE SUSPENSIÓN DE ACTIVIDADES
348,12/12/2020,ALVARO OBREGON,VENTA DE BEBIDAS ALCOHOLICAS ,EL JAIBOL,IMPLEMENTACION MEDIDAS CAUTELARES CONSISTENTE SUSPENSIÓN DE ACTIVIDADES
349,12/12/2020,MIGUEL HIDALGO,VENTA DE BEBIDAS ALCOHOLICAS EN ENVASE ABIERTO O AL COPEO,LA CASA DEL PASTOR,IMPLEMENTACION MEDIDAS CAUTELARES CONSISTENTE SUSPENSIÓN DE ACTIVIDADES
350,12/16/2020,BENITO JUAREZ,OFICINAS DE ASESORÍA ADMINISTRATIVA,BORIAN,IMPLEMENTACION MEDIDAS CAUTELARES CONSISTENTE SUSPENSIÓN DE ACTIVIDADES
351,12/16/2020,BENITO JUAREZ,RESTAURANTE CON VENTA DE BEBIDAS ALCOHOLICAS,TAQUEARTE,IMPLEMENTACION MEDIDAS CAUTELARES CONSISTENTE SUSPENSIÓN DE ACTIVIDADES
352,12/16/2020,CUAUHTEMOC,RESTAURANTE CON VENTA DE BEBIDAS ALCOHOLICAS,NONNA,IMPLEMENTACION MEDIDAS CAUTELARES CONSISTENTE SUSPENSIÓN DE ACTIVIDADES
353,12/16/2020,CUAUHTEMOC,RESTAURANTE CON VENTA DE BEBIDAS ALCOHOLICAS,RESTAURANTE SONORA,IMPLEMENTACION MEDIDAS CAUTELARES CONSISTENTE SUSPENSIÓN DE ACTIVIDADES
354,12/17/2020,BENITO JUAREZ,CORPORATIVO,CORPORATIVO AROCHI MARROQUIN & LINDNER S.C.,IMPLEMENTACION MEDIDAS CAUTELARES CONSISTENTE SUSPENSIÓN DE ACTIVIDADES
355,12/17/2020,COYOACAN,RESTAURANTE CON VENTA DE BEBIDAS ALCOHOLICAS,EL ASADO DE CARLOS,IMPLEMENTACION MEDIDAS CAUTELARES CONSISTENTE SUSPENSIÓN DE ACTIVIDADES
356,12/17/2020,CUAUHTEMOC,VENTA DE BEBIDAS ALCOHOLICAS,LA NUEVA CASA DEL ABOGADO,IMPLEMENTACION MEDIDAS CAUTELARES CONSISTENTE SUSPENSIÓN DE ACTIVIDADES
357,12/17/2020,CUAUHTEMOC,VENTA DE BEBIDAS ALCOHOLICAS,TAQUERÍA TLAQUEPAQUE,IMPLEMENTACION MEDIDAS CAUTELARES CONSISTENTE SUSPENSIÓN DE ACTIVIDADES
358,12/17/2020,CUAUHTEMOC,RESTAURANTE,EL TIEMPO,IMPLEMENTACION MEDIDAS CAUTELARES CONSISTENTE SUSPENSIÓN DE ACTIVIDADES
359,12/17/2020,CUAUHTEMOC,TIENDA DEPARTAMENTAL,ARMY MX,IMPLEMENTACION MEDIDAS CAUTELARES CONSISTENTE SUSPENSIÓN DE ACTIVIDADES
360,12/17/2020,CUAUHTEMOC,RESTAURANTE BAR,MALAFAMA,IMPLEMENTACION MEDIDAS CAUTELARES CONSISTENTE SUSPENSIÓN DE ACTIVIDADES
361,12/18/2020,CUAUHTEMOC,VENTA DE BEBIDAS ALCOHOLICAS,EL ASERRÍN,IMPLEMENTACION MEDIDAS CAUTELARES CONSISTENTE SUSPENSIÓN DE ACTIVIDADES
362,12/18/2020,CUAUHTEMOC,VENTA DE BEBIDAS ALCOHOLICAS,MR CONDESA,IMPLEMENTACION MEDIDAS CAUTELARES CONSISTENTE SUSPENSIÓN DE ACTIVIDADES
363,12/18/2020,ALVARO OBREGON,VENTA DE BEBIDAS ALCOHOLICAS EN ENVASE ABIERTO O AL COPEO,OI'DEN PRIME HOUSE,IMPLEMENTACION MEDIDAS CAUTELARES CONSISTENTE SUSPENSIÓN DE ACTIVIDADES
364,12/18/2020,CUAUHTEMOC,RESTAURANTE,PARRILLA ARGENTINA DEL 10,IMPLEMENTACION MEDIDAS CAUTELARES CONSISTENTE SUSPENSIÓN DE ACTIVIDADES
365,12/18/2020,CUAUHTEMOC,RESTAURANTE,NAMI NAMI,IMPLEMENTACION MEDIDAS CAUTELARES CONSISTENTE SUSPENSIÓN DE ACTIVIDADES
366,12/18/2020,CUAUHTEMOC,VENTA DE BEBIDAS ALCOHOLICA EN ENVASE ABIERTO,LA BONACHELA,IMPLEMENTACION MEDIDAS CAUTELARES CONSISTENTE SUSPENSIÓN DE ACTIVIDADES
367,12/18/2020,BENITO JUAREZ,RESTAURANTE BAR,BOTANERO,IMPLEMENTACION MEDIDAS CAUTELARES CONSISTENTE SUSPENSIÓN DE ACTIVIDADES
368,12/18/2020,ALVARO OBREGON,VENTA DE BEBIDAS ALCOHOLICA EN ENVASE ABIERTO,TOP SAN ANGEL,IMPLEMENTACION MEDIDAS CAUTELARES CONSISTENTE SUSPENSIÓN DE ACTIVIDADES
369,12/18/2020,CUAUHTEMOC,VENTA DE BEBIDAS ALCOHOLICA EN ENVASE ABIERTO,LUNA NEGRA,IMPLEMENTACION MEDIDAS CAUTELARES CONSISTENTE SUSPENSIÓN DE ACTIVIDADES
370,12/19/2020,TLALPAN,VENTA DE BEBIDAS ALCOHOLICAS,EL SANSODRAMO,IMPLEMENTACION MEDIDAS CAUTELARES CONSISTENTE SUSPENSIÓN DE ACTIVIDADES
371,12/22/2020,GUSTAVO A. MADERO,AUTOLAVADO,SIN DENOMINACION,IMPLEMENTACION MEDIDAS CAUTELARES CONSISTENTE SUSPENSIÓN DE ACTIVIDADES
372,12/22/2020,CUAUHTEMOC,ZAPATERÍA,PANAM,IMPLEMENTACION MEDIDAS CAUTELARES CONSISTENTE SUSPENSIÓN DE ACTIVIDADES
373,12/22/2020,CUAUHTEMOC,TIENDA DE ROPA,GOGA & Có KIDS,IMPLEMENTACION MEDIDAS CAUTELARES CONSISTENTE SUSPENSIÓN DE ACTIVIDADES
374,1/1/2021,TLALPAN,RESTAURANTE BAR,LA TAQUERÍA,IMPLEMENTACION MEDIDAS CAUTELARES CONSISTENTE SUSPENSIÓN DE ACTIVIDADES
375,1/6/2021,BENITO JUAREZ,GIMNASIO,EGOS GYM,IMPLEMENTACION MEDIDAS CAUTELARES CONSISTENTE SUSPENSIÓN DE ACTIVIDADES
376,1/11/2021,CUAUHTEMOC,GIMNASIO,BODY FITNESS PILATES,IMPLEMENTACION MEDIDAS CAUTELARES CONSISTENTE SUSPENSIÓN DE ACTIVIDADES
377,1/21/2021,BENITO JUAREZ,RESTAURANTE ,SUSHI DASHI,IMPLEMENTACION MEDIDAS CAUTELARES CONSISTENTE SUSPENSIÓN DE ACTIVIDADES
378,1/21/2021,BENITO JUAREZ,RESTAURANTE ,MACAUTO,IMPLEMENTACION MEDIDAS CAUTELARES CONSISTENTE SUSPENSIÓN DE ACTIVIDADES
379,1/22/2021,CUAUHTEMOC,BAR,BALAGAN,IMPLEMENTACION MEDIDAS CAUTELARES CONSISTENTE SUSPENSIÓN DE ACTIVIDADES
380,1/22/2021,CUAUHTEMOC,BAR,VECCIA ROMA,IMPLEMENTACION MEDIDAS CAUTELARES CONSISTENTE SUSPENSIÓN DE ACTIVIDADES
381,1/22/2021,COYOACAN,RESTAURANTE,LA MITICA,IMPLEMENTACION MEDIDAS CAUTELARES CONSISTENTE SUSPENSIÓN DE ACTIVIDADES
382,1/22/2021,COYOACAN,RESTAURANTE,THE HOSE DRINK,IMPLEMENTACION MEDIDAS CAUTELARES CONSISTENTE SUSPENSIÓN DE ACTIVIDADES
383,1/22/2021,IZTAPALAPA,RESTAURANTE,MATILDES,IMPLEMENTACION MEDIDAS CAUTELARES CONSISTENTE SUSPENSIÓN DE ACTIVIDADES
384,1/23/2021,MIGUEL HIDALGO,RESTAURANTE,LA CHULA TAQUERÍA,IMPLEMENTACION MEDIDAS CAUTELARES CONSISTENTE SUSPENSIÓN DE ACTIVIDADES
385,1/23/2021,CUAUHTEMOC,RESTAURANTE BAR,ZONA CERO,IMPLEMENTACION MEDIDAS CAUTELARES CONSISTENTE SUSPENSIÓN DE ACTIVIDADES
386,1/27/2021,BENITO JUÁREZ,OFICINAS,ASESORÍA DELTA,IMPLEMENTACION MEDIDAS CAUTELARES CONSISTENTE SUSPENSIÓN DE ACTIVIDADES
387,1/28/2021,CUAUHTEMOC,RESTAURANTE ,LA TERRAZA DE GENOVA,IMPLEMENTACION MEDIDAS CAUTELARES CONSISTENTE SUSPENSIÓN DE ACTIVIDADES
388,1/29/2021,BENITO JUAREZ,BAR,DON PANCHO,IMPLEMENTACION MEDIDAS CAUTELARES CONSISTENTE SUSPENSIÓN DE ACTIVIDADES
389,1/29/2021,CUAUHTEMOC,RESTAURANTE BAR,LA PARNITA,IMPLEMENTACION MEDIDAS CAUTELARES CONSISTENTE SUSPENSIÓN DE ACTIVIDADES
390,1/29/2021,TLALPAN,RESTAURANTE BAR,EL MEZCALITO,IMPLEMENTACION MEDIDAS CAUTELARES CONSISTENTE SUSPENSIÓN DE ACTIVIDADES
391,1/29/2021,TLALPAN,TAQUERIA,SIN DENOMINACIÓN ,IMPLEMENTACION MEDIDAS CAUTELARES CONSISTENTE SUSPENSIÓN DE ACTIVIDADES
392,1/29/2021,TLALPAN,RESTAURANTE BAR,SANTA CECILIA,IMPLEMENTACION MEDIDAS CAUTELARES CONSISTENTE SUSPENSIÓN DE ACTIVIDADES
393,1/30/2021,CUAUHTEMOC,BAR,LA CHOPERIA VIP IZAZAGA,IMPLEMENTACION MEDIDAS CAUTELARES CONSISTENTE SUSPENSIÓN DE ACTIVIDADES
394,1/30/2021,CUAUHTEMOC,RESTAURANTE BAR,CAFÉ PARÍS,IMPLEMENTACION MEDIDAS CAUTELARES CONSISTENTE SUSPENSIÓN DE ACTIVIDADES
395,1/30/2021,CUAUHTEMOC,RESTAURANTE BAR,ALAS GENERALES,IMPLEMENTACION MEDIDAS CAUTELARES CONSISTENTE SUSPENSIÓN DE ACTIVIDADES
396,1/30/2021,COYOACAN,RESTAURANTE BAR,DUBAI,IMPLEMENTACION MEDIDAS CAUTELARES CONSISTENTE SUSPENSIÓN DE ACTIVIDADES
397,1/2/2021,COYOACAN,VENTA DE BEBIDAS ALCOHOLICAS,MILA ,IMPLEMENTACION MEDIDAS CAUTELARES CONSISTENTE SUSPENSIÓN DE ACTIVIDADES
398,2/4/2021,CUAUHTEMOC,BAR,EL SABOR DE LA ROMA,IMPLEMENTACION MEDIDAS CAUTELARES CONSISTENTE SUSPENSIÓN DE ACTIVIDADES
399,2/4/2021,IZTACALCO,RESTAURANTE ,LA CONDEZITA,IMPLEMENTACION MEDIDAS CAUTELARES CONSISTENTE SUSPENSIÓN DE ACTIVIDADES
400,2/4/2021,CUAUHTEMOC,RESTAURANTE,NUL BOM,IMPLEMENTACION MEDIDAS CAUTELARES CONSISTENTE SUSPENSIÓN DE ACTIVIDADES
401,2/4/2021,IZTACALCO,PULQUERIA,LOS HOMBRES SIN MIEDO,IMPLEMENTACION MEDIDAS CAUTELARES CONSISTENTE SUSPENSIÓN DE ACTIVIDADES
402,2/5/2021,CUAUHTEMOC,RESTAURANTE,EL FAROLITO,IMPLEMENTACION MEDIDAS CAUTELARES CONSISTENTE SUSPENSIÓN DE ACTIVIDADES
403,2/5/2021,CUAUHTEMOC,RESTAURANTE,WINGS CLUB,IMPLEMENTACION MEDIDAS CAUTELARES CONSISTENTE SUSPENSIÓN DE ACTIVIDADES
404,2/5/2021,CUAUHTEMOC,BAR,BURGER HAAUS,IMPLEMENTACION MEDIDAS CAUTELARES CONSISTENTE SUSPENSIÓN DE ACTIVIDADES
405,2/6/2021,CUAUHTEMOC,RESTAURANTE,MAREA,IMPLEMENTACION MEDIDAS CAUTELARES CONSISTENTE SUSPENSIÓN DE ACTIVIDADES
406,2/6/2021,TLALPAN,BAR,ALITAS Y MICHELADAS,IMPLEMENTACION MEDIDAS CAUTELARES CONSISTENTE SUSPENSIÓN DE ACTIVIDADES
407,2/6/2021,TLALPAN,BAR,ALITAS Y MÁS,IMPLEMENTACION MEDIDAS CAUTELARES CONSISTENTE SUSPENSIÓN DE ACTIVIDADES
408,2/6/2021,CUAUHTEMOC,RESTAURANTE,LA CASTELLANA,IMPLEMENTACION MEDIDAS CAUTELARES CONSISTENTE SUSPENSIÓN DE ACTIVIDADES
409,2/6/2021,TLALPAN,ABARROTES ,3Y,IMPLEMENTACION MEDIDAS CAUTELARES CONSISTENTE SUSPENSIÓN DE ACTIVIDADES
410,2/6/2021,COYOACAN,BAR,EL COLMO,IMPLEMENTACION MEDIDAS CAUTELARES CONSISTENTE SUSPENSIÓN DE ACTIVIDADES
411,2/11/2021,CUAUHTEMOC,VENTA DE BEBIDAS ALCOHOLICAS,SOFIA ,IMPLEMENTACION MEDIDAS CAUTELARES CONSISTENTE SUSPENSIÓN DE ACTIVIDADES
412,2/11/2021,CUAUHTEMOC,VENTA DE BEBIDAS ALCOHOLICAS,LA MARCHELA,IMPLEMENTACION MEDIDAS CAUTELARES CONSISTENTE SUSPENSIÓN DE ACTIVIDADES
413,2/12/2021,CUAUHTEMOC,CANTINA,LA MASCOTA,IMPLEMENTACION MEDIDAS CAUTELARES CONSISTENTE SUSPENSIÓN DE ACTIVIDADES
414,2/12/2021,CUAUHTEMOC,RESTAURANTE,HONG KING,IMPLEMENTACION MEDIDAS CAUTELARES CONSISTENTE SUSPENSIÓN DE ACTIVIDADES
415,2/12/2021,TLALPAN,RESTAURANTE BAR,EL JAIBOL,IMPLEMENTACION MEDIDAS CAUTELARES CONSISTENTE SUSPENSIÓN DE ACTIVIDADES
416,2/13/2021,CUAUHTEMOC,RESTAURANTE BAR,CAFÉ DEL JARDIN ,IMPLEMENTACION MEDIDAS CAUTELARES CONSISTENTE SUSPENSIÓN DE ACTIVIDADES
417,2/13/2021,CUAUHTEMOC,BAR,CULTURAL ROOTS,IMPLEMENTACION MEDIDAS CAUTELARES CONSISTENTE SUSPENSIÓN DE ACTIVIDADES
418,2/19/2021,TLALPAN,VRNTA DE BEBIDAS ALCOHOLICAS,KALI SNACK BAR,IMPLEMENTACION MEDIDAS CAUTELARES CONSISTENTE SUSPENSIÓN DE ACTIVIDADES
419,2/19/2021,BENITO JUAREZ,VRNTA DE BEBIDAS ALCOHOLICAS,TABERNA MEXICANA EL COLORIN,IMPLEMENTACION MEDIDAS CAUTELARES CONSISTENTE SUSPENSIÓN DE ACTIVIDADES
420,2/20/2021,ALVARO OBREGON,BAR,SAMBUCA,IMPLEMENTACION MEDIDAS CAUTELARES CONSISTENTE SUSPENSIÓN DE ACTIVIDADES
421,2/20/2021,TLALPAN,BAR,BORBON,IMPLEMENTACION MEDIDAS CAUTELARES CONSISTENTE SUSPENSIÓN DE ACTIVIDADES
422,2/20/2021,CUAUHTEMOC,VENTA DE BEBIDAS ALCOHOLICAS,JARDÍN CENTRAL,IMPLEMENTACION MEDIDAS CAUTELARES CONSISTENTE SUSPENSIÓN DE ACTIVIDADES
423,2/20/2021,AZCAPOTZALCO,BAR,SEGUNDO PISO LIFE LA CASA DEL ROCK,IMPLEMENTACION MEDIDAS CAUTELARES CONSISTENTE SUSPENSIÓN DE ACTIVIDADES
424,2/25/2021,ALVARO OBREGON,VENTA DE BEBIDAS ALCOHOLICAS EN ENVASE ABIERTO,LA EMPRESA,IMPLEMENTACION MEDIDAS CAUTELARES CONSISTENTE SUSPENSIÓN DE ACTIVIDADES
425,2/26/2021,BENITO JUAREZ,RESTAURANTE,LA PICUDA REVOLUCIONARIA,IMPLEMENTACION MEDIDAS CAUTELARES CONSISTENTE SUSPENSIÓN DE ACTIVIDADES
426,2/26/2021,CUAUHTEMOC,BAR,EL ASADERO,IMPLEMENTACION MEDIDAS CAUTELARES CONSISTENTE SUSPENSIÓN DE ACTIVIDADES
427,2/26/2021,MIGUEL HIDALGO,RESTAURANTE,EL CUERNO,IMPLEMENTACION MEDIDAS CAUTELARES CONSISTENTE SUSPENSIÓN DE ACTIVIDADES
428,2/26/2021,MIGUEL HIDALGO,RESTAURANTE,COLMILLO,IMPLEMENTACION MEDIDAS CAUTELARES CONSISTENTE SUSPENSIÓN DE ACTIVIDADES
429,2/26/2021,TLALPAN,RESTAURANTE,ROOF ACOXPA,IMPLEMENTACION MEDIDAS CAUTELARES CONSISTENTE SUSPENSIÓN DE ACTIVIDADES
430,2/27/2021,CUAUHTEMOC,RESTAURANTE,EL TIJUANA,IMPLEMENTACION MEDIDAS CAUTELARES CONSISTENTE SUSPENSIÓN DE ACTIVIDADES
431,2/27/2021,CUAUHTEMOC,RESTAURANTE,REBEL WINGS,IMPLEMENTACION MEDIDAS CAUTELARES CONSISTENTE SUSPENSIÓN DE ACTIVIDADES
432,2/27/2021,CUAUHTEMOC,RESTAURANTE,12:51,IMPLEMENTACION MEDIDAS CAUTELARES CONSISTENTE SUSPENSIÓN DE ACTIVIDADES
433,2/27/2021,CUAUHTEMOC,RESTAURANTE,EL INFIERNITO,IMPLEMENTACION MEDIDAS CAUTELARES CONSISTENTE SUSPENSIÓN DE ACTIVIDADES
434,3/4/2021,BENITO JUAREZ,RESTAURANTE,MALTA  LIQUIDA,IMPLEMENTACION MEDIDAS CAUTELARES CONSISTENTE SUSPENSIÓN DE ACTIVIDADES
435,3/4/2021,CUAUHTEMOC,RESTAURANTE,RESTAURANTE SOFIA,IMPLEMENTACION MEDIDAS CAUTELARES CONSISTENTE SUSPENSIÓN DE ACTIVIDADES
436,3/4/2021,CUAUHTEMOC,CLUB PRIVADO,CLUB ANTIFAZ,IMPLEMENTACION MEDIDAS CAUTELARES CONSISTENTE SUSPENSIÓN DE ACTIVIDADES
437,3/4/2021,CUAUHTEMOC,VENTA DE BEBIDAS ALCOHOLICAS EN ENVASE ABIERTO O AL COPEO,BARRA AZUL,
438,3/5/2021,CUAUHTEMOC,RESTAURANTE,SALON BACH,IMPLEMENTACION MEDIDAS CAUTELARES CONSISTENTE SUSPENSIÓN DE ACTIVIDADES
139,5/7/2021,TLALPAN,VENTA DE ALIMENTOS,SNACKS FRIDA,IMPLEMENTACION MEDIDAS CAUTELARES CONSISTENTE SUSPENSIÓN DE ACTIVIDADES
440,5/14/2021,TLALPAN,VENTA DE BEBIDAS ALCOHOLICAS,ILUMUN ALITAS Y MAS,IMPLEMENTACION MEDIDAS CAUTELARES CONSISTENTE SUSPENSIÓN DE ACTIVIDADES
441,5/14/2021,TLALPAN,MAQUINAS DE MONEDAS Y JUEGOS DE AZAR,SIN DENOMINACIÓN,IMPLEMENTACION MEDIDAS CAUTELARES CONSISTENTE SUSPENSIÓN DE ACTIVIDADES
442,5/14/2021,ALVARO OBREGON,VENTA DE BEBIDAS ALCOHOLICAS,CODIGO 23,IMPLEMENTACION MEDIDAS CAUTELARES CONSISTENTE SUSPENSIÓN DE ACTIVIDADES
443,7/23/2021,GUSTAVO A. MADERO,PAPELERÍA,SIN DENOMINACIÓN,IMPLEMENTACION MEDIDAS CAUTELARES CONSISTENTE SUSPENSIÓN DE ACTIVIDADES
444,8/6/2021,AZCAPOTZALCO,AUTOBOUTIQUE,VAG COM RASER,IMPLEMENTACION MEDIDAS CAUTELARES CONSISTENTE SUSPENSIÓN DE ACTIVIDADES
445,8/27/2021,TLALPAN,VENTA DE BEBIDAS ALCOHOLICAS,SIN DENOMINACIÓN,IMPLEMENTACION MEDIDAS CAUTELARES CONSISTENTE SUSPENSIÓN DE ACTIVIDADES